<?xml version="1.0" encoding="UTF-8"?>
<gpx creator="StravaGPX" version="1.1" xmlns="http://www.topografix.com/GPX/1/1" xmlns:xsi="http://www.w3.org/2001/XMLSchema-instance" xsi:schemaLocation="http://www.topografix.com/GPX/1/1 http://www.topografix.com/GPX/1/1/gpx.xsd">
 <metadata>
  <name>Sierre Zinal</name>
  <author>
   <name>Estelle Chauveau</name>
   <link href="https://www.strava.com/athletes/6879103"/>
  </author>
  <copyright author="OpenStreetMap contributors">
   <year>2020</year>
   <license>https://www.openstreetmap.org/copyright</license>
  </copyright>
  <link href="https://www.strava.com/routes/3517843134547173374"/>
 </metadata>
 <trk>
  <name>Sierre Zinal</name>
  <link href="https://www.strava.com/routes/3517843134547173374"/>
  <type>running</type>
  <trkseg>
   <trkpt lat="46.28961" lon="7.564660000000001">
    <ele>571.74</ele>
   </trkpt>
   <trkpt lat="46.289480000000005" lon="7.564490000000001">
    <ele>573.1</ele>
   </trkpt>
   <trkpt lat="46.289300000000004" lon="7.564310000000001">
    <ele>575.6600000000001</ele>
   </trkpt>
   <trkpt lat="46.28918" lon="7.56404">
    <ele>576.44</ele>
   </trkpt>
   <trkpt lat="46.28909" lon="7.56364">
    <ele>577.4</ele>
   </trkpt>
   <trkpt lat="46.289" lon="7.563540000000001">
    <ele>578.89</ele>
   </trkpt>
   <trkpt lat="46.28878" lon="7.563060000000001">
    <ele>593.46</ele>
   </trkpt>
   <trkpt lat="46.28869" lon="7.563060000000001">
    <ele>593.46</ele>
   </trkpt>
   <trkpt lat="46.2886" lon="7.563110000000001">
    <ele>596.32</ele>
   </trkpt>
   <trkpt lat="46.288500000000006" lon="7.563300000000001">
    <ele>601.41</ele>
   </trkpt>
   <trkpt lat="46.288410000000006" lon="7.563420000000001">
    <ele>601.41</ele>
   </trkpt>
   <trkpt lat="46.28835" lon="7.56369">
    <ele>610.5500000000001</ele>
   </trkpt>
   <trkpt lat="46.28831" lon="7.56399">
    <ele>613.2500000000001</ele>
   </trkpt>
   <trkpt lat="46.28833" lon="7.564450000000001">
    <ele>630.4300000000001</ele>
   </trkpt>
   <trkpt lat="46.288320000000006" lon="7.564520000000001">
    <ele>630.4300000000001</ele>
   </trkpt>
   <trkpt lat="46.288270000000004" lon="7.564590000000001">
    <ele>630.4300000000001</ele>
   </trkpt>
   <trkpt lat="46.2882" lon="7.564540000000001">
    <ele>630.4300000000001</ele>
   </trkpt>
   <trkpt lat="46.288140000000006" lon="7.564450000000001">
    <ele>638.6200000000001</ele>
   </trkpt>
   <trkpt lat="46.287780000000005" lon="7.5641300000000005">
    <ele>645.6400000000001</ele>
   </trkpt>
   <trkpt lat="46.287580000000005" lon="7.563770000000001">
    <ele>660.99</ele>
   </trkpt>
   <trkpt lat="46.287400000000005" lon="7.563540000000001">
    <ele>668.19</ele>
   </trkpt>
   <trkpt lat="46.287330000000004" lon="7.563490000000001">
    <ele>668.19</ele>
   </trkpt>
   <trkpt lat="46.287310000000005" lon="7.5635900000000005">
    <ele>668.19</ele>
   </trkpt>
   <trkpt lat="46.287330000000004" lon="7.563720000000001">
    <ele>668.19</ele>
   </trkpt>
   <trkpt lat="46.287240000000004" lon="7.56425">
    <ele>683.39</ele>
   </trkpt>
   <trkpt lat="46.28728" lon="7.5645500000000006">
    <ele>696.08</ele>
   </trkpt>
   <trkpt lat="46.28739" lon="7.565030000000001">
    <ele>705.89</ele>
   </trkpt>
   <trkpt lat="46.28728" lon="7.565030000000001">
    <ele>705.89</ele>
   </trkpt>
   <trkpt lat="46.28721" lon="7.56498">
    <ele>705.89</ele>
   </trkpt>
   <trkpt lat="46.28671000000001" lon="7.564470000000001">
    <ele>727.94</ele>
   </trkpt>
   <trkpt lat="46.28656" lon="7.5642700000000005">
    <ele>734.59</ele>
   </trkpt>
   <trkpt lat="46.286460000000005" lon="7.56423">
    <ele>737.2900000000001</ele>
   </trkpt>
   <trkpt lat="46.28632" lon="7.5642000000000005">
    <ele>744.3900000000001</ele>
   </trkpt>
   <trkpt lat="46.28607" lon="7.56376">
    <ele>755.2700000000001</ele>
   </trkpt>
   <trkpt lat="46.28591" lon="7.5636600000000005">
    <ele>759.51</ele>
   </trkpt>
   <trkpt lat="46.28573" lon="7.563630000000001">
    <ele>765.41</ele>
   </trkpt>
   <trkpt lat="46.285520000000005" lon="7.563630000000001">
    <ele>772.41</ele>
   </trkpt>
   <trkpt lat="46.285500000000006" lon="7.563680000000001">
    <ele>772.41</ele>
   </trkpt>
   <trkpt lat="46.285630000000005" lon="7.56385">
    <ele>777.72</ele>
   </trkpt>
   <trkpt lat="46.285700000000006" lon="7.564030000000001">
    <ele>784.5600000000001</ele>
   </trkpt>
   <trkpt lat="46.28573" lon="7.564830000000001">
    <ele>797.48</ele>
   </trkpt>
   <trkpt lat="46.285680000000006" lon="7.564890000000001">
    <ele>800.22</ele>
   </trkpt>
   <trkpt lat="46.285610000000005" lon="7.564780000000001">
    <ele>804.4000000000001</ele>
   </trkpt>
   <trkpt lat="46.285590000000006" lon="7.5647400000000005">
    <ele>804.94</ele>
   </trkpt>
   <trkpt lat="46.28553" lon="7.56463">
    <ele>805.9600000000002</ele>
   </trkpt>
   <trkpt lat="46.28548000000001" lon="7.5646">
    <ele>812.85</ele>
   </trkpt>
   <trkpt lat="46.28546" lon="7.5647">
    <ele>812.85</ele>
   </trkpt>
   <trkpt lat="46.285470000000004" lon="7.565110000000001">
    <ele>819.97</ele>
   </trkpt>
   <trkpt lat="46.28544" lon="7.565180000000001">
    <ele>819.97</ele>
   </trkpt>
   <trkpt lat="46.285320000000006" lon="7.565060000000001">
    <ele>827.28</ele>
   </trkpt>
   <trkpt lat="46.285320000000006" lon="7.565250000000001">
    <ele>831.6000000000001</ele>
   </trkpt>
   <trkpt lat="46.28524" lon="7.56519">
    <ele>831.6000000000001</ele>
   </trkpt>
   <trkpt lat="46.28508" lon="7.564940000000001">
    <ele>831.6000000000001</ele>
   </trkpt>
   <trkpt lat="46.285030000000006" lon="7.564780000000001">
    <ele>852.57</ele>
   </trkpt>
   <trkpt lat="46.28492000000001" lon="7.564620000000001">
    <ele>852.57</ele>
   </trkpt>
   <trkpt lat="46.28472000000001" lon="7.56451">
    <ele>852.57</ele>
   </trkpt>
   <trkpt lat="46.284690000000005" lon="7.56451">
    <ele>852.57</ele>
   </trkpt>
   <trkpt lat="46.28468" lon="7.5645500000000006">
    <ele>852.57</ele>
   </trkpt>
   <trkpt lat="46.28475" lon="7.5647">
    <ele>867.04</ele>
   </trkpt>
   <trkpt lat="46.284740000000006" lon="7.56472">
    <ele>867.04</ele>
   </trkpt>
   <trkpt lat="46.284620000000004" lon="7.564710000000001">
    <ele>867.04</ele>
   </trkpt>
   <trkpt lat="46.284760000000006" lon="7.565010000000001">
    <ele>879.41</ele>
   </trkpt>
   <trkpt lat="46.284650000000006" lon="7.564940000000001">
    <ele>879.41</ele>
   </trkpt>
   <trkpt lat="46.28459" lon="7.564920000000001">
    <ele>881.1800000000001</ele>
   </trkpt>
   <trkpt lat="46.28434" lon="7.564820000000001">
    <ele>891.0000000000001</ele>
   </trkpt>
   <trkpt lat="46.284580000000005" lon="7.565340000000001">
    <ele>901.3000000000001</ele>
   </trkpt>
   <trkpt lat="46.28472000000001" lon="7.56613">
    <ele>916.0500000000001</ele>
   </trkpt>
   <trkpt lat="46.28468" lon="7.566330000000001">
    <ele>920.8100000000001</ele>
   </trkpt>
   <trkpt lat="46.284690000000005" lon="7.56641">
    <ele>920.8100000000001</ele>
   </trkpt>
   <trkpt lat="46.284740000000006" lon="7.566470000000001">
    <ele>927.07</ele>
   </trkpt>
   <trkpt lat="46.28486" lon="7.56653">
    <ele>929.6</ele>
   </trkpt>
   <trkpt lat="46.28502" lon="7.56674">
    <ele>936.1300000000001</ele>
   </trkpt>
   <trkpt lat="46.28502" lon="7.5667800000000005">
    <ele>936.1300000000001</ele>
   </trkpt>
   <trkpt lat="46.285000000000004" lon="7.566790000000001">
    <ele>936.1300000000001</ele>
   </trkpt>
   <trkpt lat="46.28495" lon="7.566770000000001">
    <ele>938.58</ele>
   </trkpt>
   <trkpt lat="46.28479" lon="7.5667800000000005">
    <ele>944.44</ele>
   </trkpt>
   <trkpt lat="46.28475" lon="7.566800000000001">
    <ele>944.44</ele>
   </trkpt>
   <trkpt lat="46.28468" lon="7.566910000000001">
    <ele>944.44</ele>
   </trkpt>
   <trkpt lat="46.28439" lon="7.566840000000001">
    <ele>950.8400000000001</ele>
   </trkpt>
   <trkpt lat="46.28443" lon="7.567000000000001">
    <ele>959.2900000000001</ele>
   </trkpt>
   <trkpt lat="46.28439" lon="7.567030000000001">
    <ele>959.2900000000001</ele>
   </trkpt>
   <trkpt lat="46.2843" lon="7.566940000000001">
    <ele>963.25</ele>
   </trkpt>
   <trkpt lat="46.284220000000005" lon="7.56695">
    <ele>964.61</ele>
   </trkpt>
   <trkpt lat="46.28421" lon="7.56704">
    <ele>970.4</ele>
   </trkpt>
   <trkpt lat="46.284290000000006" lon="7.567240000000001">
    <ele>970.4</ele>
   </trkpt>
   <trkpt lat="46.284580000000005" lon="7.567550000000001">
    <ele>983.9700000000001</ele>
   </trkpt>
   <trkpt lat="46.284650000000006" lon="7.567760000000001">
    <ele>985.2</ele>
   </trkpt>
   <trkpt lat="46.28472000000001" lon="7.56777">
    <ele>992.32</ele>
   </trkpt>
   <trkpt lat="46.284760000000006" lon="7.567740000000001">
    <ele>992.32</ele>
   </trkpt>
   <trkpt lat="46.284800000000004" lon="7.567760000000001">
    <ele>992.32</ele>
   </trkpt>
   <trkpt lat="46.284850000000006" lon="7.56784">
    <ele>995.94</ele>
   </trkpt>
   <trkpt lat="46.28493" lon="7.56789">
    <ele>995.94</ele>
   </trkpt>
   <trkpt lat="46.28497" lon="7.567990000000001">
    <ele>998.4300000000001</ele>
   </trkpt>
   <trkpt lat="46.284800000000004" lon="7.568130000000001">
    <ele>1007.02</ele>
   </trkpt>
   <trkpt lat="46.284710000000004" lon="7.568280000000001">
    <ele>1009.5400000000001</ele>
   </trkpt>
   <trkpt lat="46.2847" lon="7.5686800000000005">
    <ele>1015.0000000000001</ele>
   </trkpt>
   <trkpt lat="46.28463000000001" lon="7.568700000000001">
    <ele>1017.29</ele>
   </trkpt>
   <trkpt lat="46.28452" lon="7.5686800000000005">
    <ele>1017.29</ele>
   </trkpt>
   <trkpt lat="46.28435" lon="7.5686100000000005">
    <ele>1020.54</ele>
   </trkpt>
   <trkpt lat="46.284150000000004" lon="7.568650000000001">
    <ele>1025.17</ele>
   </trkpt>
   <trkpt lat="46.284130000000005" lon="7.568630000000001">
    <ele>1025.17</ele>
   </trkpt>
   <trkpt lat="46.28414" lon="7.56864">
    <ele>1025.01</ele>
   </trkpt>
   <trkpt lat="46.283950000000004" lon="7.568480000000001">
    <ele>1029.26</ele>
   </trkpt>
   <trkpt lat="46.283820000000006" lon="7.568320000000001">
    <ele>1031.8</ele>
   </trkpt>
   <trkpt lat="46.283590000000004" lon="7.56829">
    <ele>1040.6000000000001</ele>
   </trkpt>
   <trkpt lat="46.28338" lon="7.568010000000001">
    <ele>1043.14</ele>
   </trkpt>
   <trkpt lat="46.283150000000006" lon="7.567870000000001">
    <ele>1046.42</ele>
   </trkpt>
   <trkpt lat="46.28309" lon="7.567730000000001">
    <ele>1048.74</ele>
   </trkpt>
   <trkpt lat="46.283150000000006" lon="7.567480000000001">
    <ele>1052.3700000000001</ele>
   </trkpt>
   <trkpt lat="46.28311" lon="7.5673200000000005">
    <ele>1052.3700000000001</ele>
   </trkpt>
   <trkpt lat="46.28294" lon="7.5669">
    <ele>1059.0600000000002</ele>
   </trkpt>
   <trkpt lat="46.282790000000006" lon="7.566440000000001">
    <ele>1061.7800000000002</ele>
   </trkpt>
   <trkpt lat="46.282560000000004" lon="7.56606">
    <ele>1062.5900000000001</ele>
   </trkpt>
   <trkpt lat="46.282450000000004" lon="7.565950000000001">
    <ele>1062.8000000000002</ele>
   </trkpt>
   <trkpt lat="46.282300000000006" lon="7.565950000000001">
    <ele>1063.31</ele>
   </trkpt>
   <trkpt lat="46.282210000000006" lon="7.5658900000000004">
    <ele>1063.6000000000001</ele>
   </trkpt>
   <trkpt lat="46.282120000000006" lon="7.5657000000000005">
    <ele>1064.42</ele>
   </trkpt>
   <trkpt lat="46.28204" lon="7.565290000000001">
    <ele>1065.94</ele>
   </trkpt>
   <trkpt lat="46.281960000000005" lon="7.565030000000001">
    <ele>1067.56</ele>
   </trkpt>
   <trkpt lat="46.28175000136362" lon="7.564454997583622">
    <ele>1071.6000000000001</ele>
   </trkpt>
   <trkpt lat="46.28154000000001" lon="7.563880000000001">
    <ele>1075.88</ele>
   </trkpt>
   <trkpt lat="46.281200000000005" lon="7.56317">
    <ele>1083.5</ele>
   </trkpt>
   <trkpt lat="46.2811" lon="7.562850000000001">
    <ele>1087.6000000000001</ele>
   </trkpt>
   <trkpt lat="46.281110000000005" lon="7.5625800000000005">
    <ele>1087.6000000000001</ele>
   </trkpt>
   <trkpt lat="46.28108" lon="7.56242">
    <ele>1095.0000000000002</ele>
   </trkpt>
   <trkpt lat="46.280820000000006" lon="7.5619700000000005">
    <ele>1100.0400000000002</ele>
   </trkpt>
   <trkpt lat="46.28079" lon="7.5616200000000005">
    <ele>1100.0400000000002</ele>
   </trkpt>
   <trkpt lat="46.280730000000005" lon="7.56146">
    <ele>1108.87</ele>
   </trkpt>
   <trkpt lat="46.280550000000005" lon="7.56059">
    <ele>1114.64</ele>
   </trkpt>
   <trkpt lat="46.28047" lon="7.560090000000001">
    <ele>1119.99</ele>
   </trkpt>
   <trkpt lat="46.28038" lon="7.55998">
    <ele>1119.99</ele>
   </trkpt>
   <trkpt lat="46.28014" lon="7.55991">
    <ele>1124.53</ele>
   </trkpt>
   <trkpt lat="46.280010000000004" lon="7.55977">
    <ele>1128.63</ele>
   </trkpt>
   <trkpt lat="46.279920000000004" lon="7.5596000000000005">
    <ele>1128.63</ele>
   </trkpt>
   <trkpt lat="46.27975000000001" lon="7.55909">
    <ele>1134.13</ele>
   </trkpt>
   <trkpt lat="46.27964" lon="7.55881">
    <ele>1135.95</ele>
   </trkpt>
   <trkpt lat="46.279540000000004" lon="7.558720000000001">
    <ele>1129.14</ele>
   </trkpt>
   <trkpt lat="46.27953" lon="7.5587100000000005">
    <ele>1129.0200000000002</ele>
   </trkpt>
   <trkpt lat="46.279540000000004" lon="7.558720000000001">
    <ele>1129.27</ele>
   </trkpt>
   <trkpt lat="46.27951" lon="7.5589">
    <ele>1130.93</ele>
   </trkpt>
   <trkpt lat="46.27938" lon="7.559270000000001">
    <ele>1136.8700000000001</ele>
   </trkpt>
   <trkpt lat="46.279270000000004" lon="7.559470000000001">
    <ele>1141.0200000000002</ele>
   </trkpt>
   <trkpt lat="46.279210000000006" lon="7.559690000000001">
    <ele>1144.49</ele>
   </trkpt>
   <trkpt lat="46.27908" lon="7.559850000000001">
    <ele>1149.6200000000001</ele>
   </trkpt>
   <trkpt lat="46.27901000000001" lon="7.559990000000001">
    <ele>1152.3700000000001</ele>
   </trkpt>
   <trkpt lat="46.27892000000001" lon="7.560250000000001">
    <ele>1162.88</ele>
   </trkpt>
   <trkpt lat="46.27890000000001" lon="7.560370000000001">
    <ele>1162.88</ele>
   </trkpt>
   <trkpt lat="46.27892000000001" lon="7.560720000000001">
    <ele>1168.9</ele>
   </trkpt>
   <trkpt lat="46.27891" lon="7.561050000000001">
    <ele>1173.01</ele>
   </trkpt>
   <trkpt lat="46.27895" lon="7.561350000000001">
    <ele>1177.95</ele>
   </trkpt>
   <trkpt lat="46.278940000000006" lon="7.561560000000001">
    <ele>1180.4800000000002</ele>
   </trkpt>
   <trkpt lat="46.278960000000005" lon="7.561710000000001">
    <ele>1184.5400000000002</ele>
   </trkpt>
   <trkpt lat="46.279030000000006" lon="7.561920000000001">
    <ele>1190.3400000000001</ele>
   </trkpt>
   <trkpt lat="46.27902" lon="7.562240000000001">
    <ele>1198.43</ele>
   </trkpt>
   <trkpt lat="46.27906" lon="7.562390000000001">
    <ele>1205.94</ele>
   </trkpt>
   <trkpt lat="46.27908" lon="7.562590000000001">
    <ele>1207.38</ele>
   </trkpt>
   <trkpt lat="46.279050000000005" lon="7.562780000000001">
    <ele>1212.7100000000003</ele>
   </trkpt>
   <trkpt lat="46.27899" lon="7.562970000000001">
    <ele>1215.57</ele>
   </trkpt>
   <trkpt lat="46.27892000000001" lon="7.563060000000001">
    <ele>1218.55</ele>
   </trkpt>
   <trkpt lat="46.27881000000001" lon="7.563130000000001">
    <ele>1222.4700000000003</ele>
   </trkpt>
   <trkpt lat="46.27873" lon="7.563140000000001">
    <ele>1225.5600000000002</ele>
   </trkpt>
   <trkpt lat="46.2785" lon="7.563070000000001">
    <ele>1234.94</ele>
   </trkpt>
   <trkpt lat="46.278290000000005" lon="7.56322">
    <ele>1246.61</ele>
   </trkpt>
   <trkpt lat="46.278180000000006" lon="7.563200000000001">
    <ele>1250.9800000000002</ele>
   </trkpt>
   <trkpt lat="46.278130000000004" lon="7.563280000000001">
    <ele>1255.0700000000002</ele>
   </trkpt>
   <trkpt lat="46.27798000000001" lon="7.5632600000000005">
    <ele>1260.85</ele>
   </trkpt>
   <trkpt lat="46.2779" lon="7.5631900000000005">
    <ele>1266.21</ele>
   </trkpt>
   <trkpt lat="46.27774" lon="7.562930000000001">
    <ele>1277.74</ele>
   </trkpt>
   <trkpt lat="46.27767" lon="7.562730000000001">
    <ele>1282.1</ele>
   </trkpt>
   <trkpt lat="46.277570000000004" lon="7.562570000000001">
    <ele>1291.0900000000001</ele>
   </trkpt>
   <trkpt lat="46.27758" lon="7.562790000000001">
    <ele>1297.4500000000003</ele>
   </trkpt>
   <trkpt lat="46.27754" lon="7.562900000000001">
    <ele>1305.2100000000003</ele>
   </trkpt>
   <trkpt lat="46.27751000000001" lon="7.562900000000001">
    <ele>1305.2100000000003</ele>
   </trkpt>
   <trkpt lat="46.27736" lon="7.5627200000000006">
    <ele>1309.28</ele>
   </trkpt>
   <trkpt lat="46.27731000000001" lon="7.5627">
    <ele>1318.01</ele>
   </trkpt>
   <trkpt lat="46.277190000000004" lon="7.56277">
    <ele>1318.01</ele>
   </trkpt>
   <trkpt lat="46.276990000000005" lon="7.562600000000001">
    <ele>1330.47</ele>
   </trkpt>
   <trkpt lat="46.2768" lon="7.562590000000001">
    <ele>1339.63</ele>
   </trkpt>
   <trkpt lat="46.276700000000005" lon="7.562530000000001">
    <ele>1344.99</ele>
   </trkpt>
   <trkpt lat="46.27647" lon="7.562200000000001">
    <ele>1355.6100000000001</ele>
   </trkpt>
   <trkpt lat="46.27642" lon="7.56219">
    <ele>1355.6100000000001</ele>
   </trkpt>
   <trkpt lat="46.276340000000005" lon="7.56221">
    <ele>1361.79</ele>
   </trkpt>
   <trkpt lat="46.276140000000005" lon="7.56174">
    <ele>1367.64</ele>
   </trkpt>
   <trkpt lat="46.27604" lon="7.56158">
    <ele>1367.64</ele>
   </trkpt>
   <trkpt lat="46.27593" lon="7.56148">
    <ele>1369.0000000000002</ele>
   </trkpt>
   <trkpt lat="46.275580000000005" lon="7.561280000000001">
    <ele>1372.0800000000002</ele>
   </trkpt>
   <trkpt lat="46.27554000000001" lon="7.56127">
    <ele>1372.6100000000001</ele>
   </trkpt>
   <trkpt lat="46.275510000000004" lon="7.5612900000000005">
    <ele>1373.19</ele>
   </trkpt>
   <trkpt lat="46.275490000000005" lon="7.561350000000001">
    <ele>1373.19</ele>
   </trkpt>
   <trkpt lat="46.27552000000001" lon="7.56141">
    <ele>1375.8000000000002</ele>
   </trkpt>
   <trkpt lat="46.27564" lon="7.56148">
    <ele>1375.8000000000002</ele>
   </trkpt>
   <trkpt lat="46.275780000000005" lon="7.5616200000000005">
    <ele>1378.97</ele>
   </trkpt>
   <trkpt lat="46.27588" lon="7.56179">
    <ele>1380.94</ele>
   </trkpt>
   <trkpt lat="46.27586" lon="7.561840000000001">
    <ele>1382.2500000000002</ele>
   </trkpt>
   <trkpt lat="46.275710000000004" lon="7.561870000000001">
    <ele>1387.31</ele>
   </trkpt>
   <trkpt lat="46.27554000000001" lon="7.5620400000000005">
    <ele>1397.49</ele>
   </trkpt>
   <trkpt lat="46.27555" lon="7.56221">
    <ele>1400.44</ele>
   </trkpt>
   <trkpt lat="46.27553" lon="7.562520000000001">
    <ele>1409.8000000000002</ele>
   </trkpt>
   <trkpt lat="46.27541" lon="7.562810000000001">
    <ele>1419.3300000000002</ele>
   </trkpt>
   <trkpt lat="46.275450000000006" lon="7.563230000000001">
    <ele>1430.4</ele>
   </trkpt>
   <trkpt lat="46.27539" lon="7.56329">
    <ele>1430.4</ele>
   </trkpt>
   <trkpt lat="46.27539" lon="7.563460000000001">
    <ele>1435.93</ele>
   </trkpt>
   <trkpt lat="46.27534000000001" lon="7.5639">
    <ele>1445.9700000000003</ele>
   </trkpt>
   <trkpt lat="46.275310000000005" lon="7.563950000000001">
    <ele>1445.9700000000003</ele>
   </trkpt>
   <trkpt lat="46.27507000000001" lon="7.564000000000001">
    <ele>1452.43</ele>
   </trkpt>
   <trkpt lat="46.274860000000004" lon="7.564190000000001">
    <ele>1458.28</ele>
   </trkpt>
   <trkpt lat="46.274710000000006" lon="7.564290000000001">
    <ele>1467.67</ele>
   </trkpt>
   <trkpt lat="46.2747" lon="7.56418">
    <ele>1470.3000000000002</ele>
   </trkpt>
   <trkpt lat="46.27478000000001" lon="7.56399">
    <ele>1473.2800000000002</ele>
   </trkpt>
   <trkpt lat="46.27479" lon="7.563810000000001">
    <ele>1475.33</ele>
   </trkpt>
   <trkpt lat="46.27460000000001" lon="7.563510000000001">
    <ele>1476.6200000000001</ele>
   </trkpt>
   <trkpt lat="46.27434" lon="7.563280000000001">
    <ele>1480.41</ele>
   </trkpt>
   <trkpt lat="46.27422000000001" lon="7.5631200000000005">
    <ele>1484.5100000000002</ele>
   </trkpt>
   <trkpt lat="46.27403" lon="7.563070000000001">
    <ele>1489.09</ele>
   </trkpt>
   <trkpt lat="46.27385" lon="7.563110000000001">
    <ele>1494.2900000000002</ele>
   </trkpt>
   <trkpt lat="46.273680000000006" lon="7.563230000000001">
    <ele>1499.48</ele>
   </trkpt>
   <trkpt lat="46.27369" lon="7.56322">
    <ele>1499.2500000000002</ele>
   </trkpt>
   <trkpt lat="46.27364" lon="7.56338">
    <ele>1503.69</ele>
   </trkpt>
   <trkpt lat="46.27367" lon="7.563530000000001">
    <ele>1509.6100000000001</ele>
   </trkpt>
   <trkpt lat="46.273680000000006" lon="7.56385">
    <ele>1514.17</ele>
   </trkpt>
   <trkpt lat="46.27362" lon="7.56402">
    <ele>1517.41</ele>
   </trkpt>
   <trkpt lat="46.27364" lon="7.56446">
    <ele>1528.73</ele>
   </trkpt>
   <trkpt lat="46.27346000000001" lon="7.564820000000001">
    <ele>1542.4700000000003</ele>
   </trkpt>
   <trkpt lat="46.273500000000006" lon="7.564920000000001">
    <ele>1542.4700000000003</ele>
   </trkpt>
   <trkpt lat="46.27347" lon="7.565150000000001">
    <ele>1549.5400000000002</ele>
   </trkpt>
   <trkpt lat="46.273520000000005" lon="7.56533">
    <ele>1552.67</ele>
   </trkpt>
   <trkpt lat="46.27346000000001" lon="7.56545">
    <ele>1556.16</ele>
   </trkpt>
   <trkpt lat="46.27347" lon="7.56573">
    <ele>1567.05</ele>
   </trkpt>
   <trkpt lat="46.2734" lon="7.56587">
    <ele>1568.7900000000002</ele>
   </trkpt>
   <trkpt lat="46.27329" lon="7.56594">
    <ele>1577.05</ele>
   </trkpt>
   <trkpt lat="46.2734" lon="7.566260000000001">
    <ele>1585.0900000000001</ele>
   </trkpt>
   <trkpt lat="46.27338" lon="7.566560000000001">
    <ele>1588.5500000000002</ele>
   </trkpt>
   <trkpt lat="46.27333" lon="7.56669">
    <ele>1596.0</ele>
   </trkpt>
   <trkpt lat="46.272920000000006" lon="7.566580000000001">
    <ele>1605.67</ele>
   </trkpt>
   <trkpt lat="46.27277" lon="7.5666400000000005">
    <ele>1609.15</ele>
   </trkpt>
   <trkpt lat="46.27255" lon="7.566820000000001">
    <ele>1614.91</ele>
   </trkpt>
   <trkpt lat="46.27246" lon="7.56697">
    <ele>1617.96</ele>
   </trkpt>
   <trkpt lat="46.272450000000006" lon="7.567130000000001">
    <ele>1622.87</ele>
   </trkpt>
   <trkpt lat="46.27253" lon="7.567380000000001">
    <ele>1629.6200000000001</ele>
   </trkpt>
   <trkpt lat="46.27268" lon="7.56763">
    <ele>1638.95</ele>
   </trkpt>
   <trkpt lat="46.27295" lon="7.567940000000001">
    <ele>1648.24</ele>
   </trkpt>
   <trkpt lat="46.27310000000001" lon="7.568220000000001">
    <ele>1651.89</ele>
   </trkpt>
   <trkpt lat="46.273270000000004" lon="7.568760000000001">
    <ele>1660.19</ele>
   </trkpt>
   <trkpt lat="46.273230000000005" lon="7.56946">
    <ele>1670.8100000000002</ele>
   </trkpt>
   <trkpt lat="46.273300000000006" lon="7.569850000000001">
    <ele>1679.01</ele>
   </trkpt>
   <trkpt lat="46.27331" lon="7.57009">
    <ele>1682.5800000000002</ele>
   </trkpt>
   <trkpt lat="46.273390000000006" lon="7.570310000000001">
    <ele>1686.5</ele>
   </trkpt>
   <trkpt lat="46.2734" lon="7.5705100000000005">
    <ele>1692.08</ele>
   </trkpt>
   <trkpt lat="46.273480000000006" lon="7.5709100000000005">
    <ele>1701.2</ele>
   </trkpt>
   <trkpt lat="46.27367" lon="7.5711200000000005">
    <ele>1705.0500000000002</ele>
   </trkpt>
   <trkpt lat="46.273970000000006" lon="7.57178">
    <ele>1712.17</ele>
   </trkpt>
   <trkpt lat="46.27409" lon="7.571960000000001">
    <ele>1714.1100000000001</ele>
   </trkpt>
   <trkpt lat="46.274190000000004" lon="7.572240000000001">
    <ele>1715.7600000000002</ele>
   </trkpt>
   <trkpt lat="46.27432" lon="7.57251">
    <ele>1718.16</ele>
   </trkpt>
   <trkpt lat="46.27467" lon="7.573040000000001">
    <ele>1723.4</ele>
   </trkpt>
   <trkpt lat="46.274750000000004" lon="7.57361">
    <ele>1727.38</ele>
   </trkpt>
   <trkpt lat="46.27481" lon="7.573770000000001">
    <ele>1729.69</ele>
   </trkpt>
   <trkpt lat="46.27474" lon="7.574090000000001">
    <ele>1733.8200000000002</ele>
   </trkpt>
   <trkpt lat="46.274770000000004" lon="7.574370000000001">
    <ele>1736.69</ele>
   </trkpt>
   <trkpt lat="46.274660000000004" lon="7.5747100000000005">
    <ele>1741.6200000000001</ele>
   </trkpt>
   <trkpt lat="46.27476" lon="7.575030000000001">
    <ele>1750.2400000000002</ele>
   </trkpt>
   <trkpt lat="46.274860000000004" lon="7.575500000000001">
    <ele>1762.7800000000002</ele>
   </trkpt>
   <trkpt lat="46.274980000000006" lon="7.575950000000001">
    <ele>1770.88</ele>
   </trkpt>
   <trkpt lat="46.27506" lon="7.576080000000001">
    <ele>1772.92</ele>
   </trkpt>
   <trkpt lat="46.27512" lon="7.57629">
    <ele>1777.71</ele>
   </trkpt>
   <trkpt lat="46.27516000000001" lon="7.576580000000001">
    <ele>1784.6000000000001</ele>
   </trkpt>
   <trkpt lat="46.275110000000005" lon="7.576880000000001">
    <ele>1789.29</ele>
   </trkpt>
   <trkpt lat="46.27519" lon="7.57711">
    <ele>1794.18</ele>
   </trkpt>
   <trkpt lat="46.27544" lon="7.577590000000001">
    <ele>1805.56</ele>
   </trkpt>
   <trkpt lat="46.275490000000005" lon="7.577780000000001">
    <ele>1810.41</ele>
   </trkpt>
   <trkpt lat="46.275490000000005" lon="7.57807">
    <ele>1813.7900000000002</ele>
   </trkpt>
   <trkpt lat="46.27564" lon="7.5783700000000005">
    <ele>1821.53</ele>
   </trkpt>
   <trkpt lat="46.275710000000004" lon="7.578660000000001">
    <ele>1825.2400000000002</ele>
   </trkpt>
   <trkpt lat="46.275650000000006" lon="7.578970000000001">
    <ele>1831.7200000000003</ele>
   </trkpt>
   <trkpt lat="46.275670000000005" lon="7.579090000000001">
    <ele>1835.0400000000002</ele>
   </trkpt>
   <trkpt lat="46.27566" lon="7.579560000000001">
    <ele>1846.3300000000002</ele>
   </trkpt>
   <trkpt lat="46.27581000000001" lon="7.579810000000001">
    <ele>1848.57</ele>
   </trkpt>
   <trkpt lat="46.27582" lon="7.57992">
    <ele>1849.2400000000002</ele>
   </trkpt>
   <trkpt lat="46.27568" lon="7.580280000000001">
    <ele>1855.0600000000002</ele>
   </trkpt>
   <trkpt lat="46.275670000000005" lon="7.580590000000001">
    <ele>1856.63</ele>
   </trkpt>
   <trkpt lat="46.2757" lon="7.5806700000000005">
    <ele>1857.1000000000001</ele>
   </trkpt>
   <trkpt lat="46.275870000000005" lon="7.58091">
    <ele>1856.81</ele>
   </trkpt>
   <trkpt lat="46.27586" lon="7.581600000000001">
    <ele>1859.45</ele>
   </trkpt>
   <trkpt lat="46.275760000000005" lon="7.58194">
    <ele>1859.8100000000002</ele>
   </trkpt>
   <trkpt lat="46.27561" lon="7.582140000000001">
    <ele>1861.46</ele>
   </trkpt>
   <trkpt lat="46.275420000000004" lon="7.5822400000000005">
    <ele>1863.1200000000001</ele>
   </trkpt>
   <trkpt lat="46.27525000000001" lon="7.582280000000001">
    <ele>1863.7</ele>
   </trkpt>
   <trkpt lat="46.274930000000005" lon="7.58246">
    <ele>1865.5100000000002</ele>
   </trkpt>
   <trkpt lat="46.274820000000005" lon="7.582590000000001">
    <ele>1866.5200000000002</ele>
   </trkpt>
   <trkpt lat="46.274750000000004" lon="7.582730000000001">
    <ele>1867.94</ele>
   </trkpt>
   <trkpt lat="46.2747" lon="7.583290000000001">
    <ele>1871.5400000000002</ele>
   </trkpt>
   <trkpt lat="46.27461" lon="7.583550000000001">
    <ele>1873.2400000000002</ele>
   </trkpt>
   <trkpt lat="46.27454" lon="7.584090000000001">
    <ele>1875.6800000000003</ele>
   </trkpt>
   <trkpt lat="46.2745" lon="7.58417">
    <ele>1875.8100000000002</ele>
   </trkpt>
   <trkpt lat="46.27436" lon="7.5846800000000005">
    <ele>1876.3700000000001</ele>
   </trkpt>
   <trkpt lat="46.27436" lon="7.584980000000001">
    <ele>1875.9800000000002</ele>
   </trkpt>
   <trkpt lat="46.27440000000001" lon="7.585170000000001">
    <ele>1874.6</ele>
   </trkpt>
   <trkpt lat="46.274240000000006" lon="7.58605">
    <ele>1873.5600000000002</ele>
   </trkpt>
   <trkpt lat="46.27425" lon="7.586220000000001">
    <ele>1874.8600000000001</ele>
   </trkpt>
   <trkpt lat="46.27432" lon="7.586320000000001">
    <ele>1875.8000000000002</ele>
   </trkpt>
   <trkpt lat="46.27447" lon="7.586480000000001">
    <ele>1879.8100000000002</ele>
   </trkpt>
   <trkpt lat="46.274730000000005" lon="7.586850000000001">
    <ele>1881.69</ele>
   </trkpt>
   <trkpt lat="46.274800000000006" lon="7.586990000000001">
    <ele>1884.15</ele>
   </trkpt>
   <trkpt lat="46.274890000000006" lon="7.587280000000001">
    <ele>1885.0900000000001</ele>
   </trkpt>
   <trkpt lat="46.27492" lon="7.587470000000001">
    <ele>1887.8400000000001</ele>
   </trkpt>
   <trkpt lat="46.274930000000005" lon="7.58783">
    <ele>1889.52</ele>
   </trkpt>
   <trkpt lat="46.275020000000005" lon="7.587980000000001">
    <ele>1890.72</ele>
   </trkpt>
   <trkpt lat="46.27505" lon="7.5882000000000005">
    <ele>1890.72</ele>
   </trkpt>
   <trkpt lat="46.27519" lon="7.588400000000001">
    <ele>1894.13</ele>
   </trkpt>
   <trkpt lat="46.275200000000005" lon="7.588620000000001">
    <ele>1895.76</ele>
   </trkpt>
   <trkpt lat="46.27508" lon="7.58891">
    <ele>1897.5000000000002</ele>
   </trkpt>
   <trkpt lat="46.275040000000004" lon="7.589110000000001">
    <ele>1900.03</ele>
   </trkpt>
   <trkpt lat="46.275310000000005" lon="7.5899600000000005">
    <ele>1906.02</ele>
   </trkpt>
   <trkpt lat="46.275490000000005" lon="7.59034">
    <ele>1909.2000000000003</ele>
   </trkpt>
   <trkpt lat="46.27579" lon="7.59074">
    <ele>1914.4900000000002</ele>
   </trkpt>
   <trkpt lat="46.275800000000004" lon="7.59088">
    <ele>1914.4900000000002</ele>
   </trkpt>
   <trkpt lat="46.275780000000005" lon="7.59102">
    <ele>1916.06</ele>
   </trkpt>
   <trkpt lat="46.275740000000006" lon="7.591100000000001">
    <ele>1916.06</ele>
   </trkpt>
   <trkpt lat="46.275670000000005" lon="7.59114">
    <ele>1918.3100000000002</ele>
   </trkpt>
   <trkpt lat="46.27537" lon="7.59142">
    <ele>1920.9</ele>
   </trkpt>
   <trkpt lat="46.27526" lon="7.59161">
    <ele>1925.78</ele>
   </trkpt>
   <trkpt lat="46.275020000000005" lon="7.59224">
    <ele>1928.94</ele>
   </trkpt>
   <trkpt lat="46.274950000000004" lon="7.5923300000000005">
    <ele>1929.8000000000002</ele>
   </trkpt>
   <trkpt lat="46.274910000000006" lon="7.592420000000001">
    <ele>1930.2</ele>
   </trkpt>
   <trkpt lat="46.274980000000006" lon="7.59257">
    <ele>1931.43</ele>
   </trkpt>
   <trkpt lat="46.27507000000001" lon="7.5928700000000005">
    <ele>1932.3700000000001</ele>
   </trkpt>
   <trkpt lat="46.275090000000006" lon="7.592960000000001">
    <ele>1932.92</ele>
   </trkpt>
   <trkpt lat="46.27507000000001" lon="7.59304">
    <ele>1932.92</ele>
   </trkpt>
   <trkpt lat="46.2747" lon="7.5932">
    <ele>1934.3300000000002</ele>
   </trkpt>
   <trkpt lat="46.274570000000004" lon="7.593240000000001">
    <ele>1934.68</ele>
   </trkpt>
   <trkpt lat="46.274440000000006" lon="7.593240000000001">
    <ele>1935.0600000000002</ele>
   </trkpt>
   <trkpt lat="46.274370000000005" lon="7.593280000000001">
    <ele>1935.8500000000001</ele>
   </trkpt>
   <trkpt lat="46.27434" lon="7.593400000000001">
    <ele>1936.2700000000002</ele>
   </trkpt>
   <trkpt lat="46.27441" lon="7.593570000000001">
    <ele>1936.5400000000002</ele>
   </trkpt>
   <trkpt lat="46.27443" lon="7.593920000000001">
    <ele>1937.25</ele>
   </trkpt>
   <trkpt lat="46.274370000000005" lon="7.5940900000000005">
    <ele>1938.14</ele>
   </trkpt>
   <trkpt lat="46.274330000000006" lon="7.59456">
    <ele>1938.7500000000002</ele>
   </trkpt>
   <trkpt lat="46.274280000000005" lon="7.594720000000001">
    <ele>1938.91</ele>
   </trkpt>
   <trkpt lat="46.27404000000001" lon="7.59482">
    <ele>1939.3200000000002</ele>
   </trkpt>
   <trkpt lat="46.27389" lon="7.594790000000001">
    <ele>1939.5300000000002</ele>
   </trkpt>
   <trkpt lat="46.27384000000001" lon="7.594830000000001">
    <ele>1940.0100000000002</ele>
   </trkpt>
   <trkpt lat="46.2738" lon="7.594920000000001">
    <ele>1940.0100000000002</ele>
   </trkpt>
   <trkpt lat="46.27382" lon="7.595280000000001">
    <ele>1940.3400000000001</ele>
   </trkpt>
   <trkpt lat="46.27378" lon="7.5954500000000005">
    <ele>1940.5</ele>
   </trkpt>
   <trkpt lat="46.273680000000006" lon="7.595650000000001">
    <ele>1940.77</ele>
   </trkpt>
   <trkpt lat="46.273360000000004" lon="7.595940000000001">
    <ele>1941.38</ele>
   </trkpt>
   <trkpt lat="46.273230000000005" lon="7.595960000000001">
    <ele>1941.65</ele>
   </trkpt>
   <trkpt lat="46.27309" lon="7.596070000000001">
    <ele>1941.93</ele>
   </trkpt>
   <trkpt lat="46.27302" lon="7.596210000000001">
    <ele>1941.93</ele>
   </trkpt>
   <trkpt lat="46.272850000000005" lon="7.596870000000001">
    <ele>1942.7600000000002</ele>
   </trkpt>
   <trkpt lat="46.2727" lon="7.59724">
    <ele>1943.0900000000001</ele>
   </trkpt>
   <trkpt lat="46.272470000000006" lon="7.597700000000001">
    <ele>1943.66</ele>
   </trkpt>
   <trkpt lat="46.27239" lon="7.59794">
    <ele>1943.7900000000002</ele>
   </trkpt>
   <trkpt lat="46.272330000000004" lon="7.598020000000001">
    <ele>1943.7900000000002</ele>
   </trkpt>
   <trkpt lat="46.272220000000004" lon="7.598090000000001">
    <ele>1943.93</ele>
   </trkpt>
   <trkpt lat="46.27203" lon="7.5982400000000005">
    <ele>1944.66</ele>
   </trkpt>
   <trkpt lat="46.2719" lon="7.598230000000001">
    <ele>1945.95</ele>
   </trkpt>
   <trkpt lat="46.27154" lon="7.59801">
    <ele>1951.5000000000002</ele>
   </trkpt>
   <trkpt lat="46.27134" lon="7.59794">
    <ele>1955.2900000000002</ele>
   </trkpt>
   <trkpt lat="46.27116" lon="7.597950000000001">
    <ele>1958.3700000000001</ele>
   </trkpt>
   <trkpt lat="46.271100000000004" lon="7.597910000000001">
    <ele>1958.3700000000001</ele>
   </trkpt>
   <trkpt lat="46.271" lon="7.59768">
    <ele>1959.66</ele>
   </trkpt>
   <trkpt lat="46.2708" lon="7.59752">
    <ele>1963.66</ele>
   </trkpt>
   <trkpt lat="46.27075000000001" lon="7.597430000000001">
    <ele>1963.66</ele>
   </trkpt>
   <trkpt lat="46.27067" lon="7.5974">
    <ele>1967.72</ele>
   </trkpt>
   <trkpt lat="46.27049" lon="7.597410000000001">
    <ele>1969.1900000000003</ele>
   </trkpt>
   <trkpt lat="46.27044" lon="7.5974">
    <ele>1970.7800000000002</ele>
   </trkpt>
   <trkpt lat="46.27037000000001" lon="7.597290000000001">
    <ele>1973.2600000000002</ele>
   </trkpt>
   <trkpt lat="46.27029" lon="7.597060000000001">
    <ele>1973.2600000000002</ele>
   </trkpt>
   <trkpt lat="46.27024" lon="7.597010000000001">
    <ele>1979.96</ele>
   </trkpt>
   <trkpt lat="46.26990000000001" lon="7.59686">
    <ele>1982.39</ele>
   </trkpt>
   <trkpt lat="46.269650000000006" lon="7.5968800000000005">
    <ele>1988.52</ele>
   </trkpt>
   <trkpt lat="46.26944" lon="7.5970200000000006">
    <ele>1992.4400000000003</ele>
   </trkpt>
   <trkpt lat="46.26934000000001" lon="7.597130000000001">
    <ele>1992.4400000000003</ele>
   </trkpt>
   <trkpt lat="46.269290000000005" lon="7.597270000000001">
    <ele>1995.6200000000001</ele>
   </trkpt>
   <trkpt lat="46.26926" lon="7.597510000000001">
    <ele>1997.95</ele>
   </trkpt>
   <trkpt lat="46.26916000000001" lon="7.597650000000001">
    <ele>2003.14</ele>
   </trkpt>
   <trkpt lat="46.26917" lon="7.597740000000001">
    <ele>2003.14</ele>
   </trkpt>
   <trkpt lat="46.26923" lon="7.597770000000001">
    <ele>2003.14</ele>
   </trkpt>
   <trkpt lat="46.269310000000004" lon="7.597600000000001">
    <ele>2004.95</ele>
   </trkpt>
   <trkpt lat="46.269420000000004" lon="7.59738">
    <ele>2006.9600000000003</ele>
   </trkpt>
   <trkpt lat="46.26948" lon="7.59733">
    <ele>2006.9600000000003</ele>
   </trkpt>
   <trkpt lat="46.26955" lon="7.59731">
    <ele>2007.74</ele>
   </trkpt>
   <trkpt lat="46.26957" lon="7.597480000000001">
    <ele>2016.54</ele>
   </trkpt>
   <trkpt lat="46.26955" lon="7.5974900000000005">
    <ele>2016.54</ele>
   </trkpt>
   <trkpt lat="46.26948" lon="7.59761">
    <ele>2017.35</ele>
   </trkpt>
   <trkpt lat="46.26935" lon="7.59813">
    <ele>2023.4</ele>
   </trkpt>
   <trkpt lat="46.26934000000001" lon="7.59829">
    <ele>2027.47</ele>
   </trkpt>
   <trkpt lat="46.26939" lon="7.5986">
    <ele>2030.39</ele>
   </trkpt>
   <trkpt lat="46.26937" lon="7.5989">
    <ele>2033.42</ele>
   </trkpt>
   <trkpt lat="46.2693" lon="7.59921">
    <ele>2038.2900000000004</ele>
   </trkpt>
   <trkpt lat="46.269290000000005" lon="7.599450000000001">
    <ele>2040.3999999999999</ele>
   </trkpt>
   <trkpt lat="46.269270000000006" lon="7.599550000000001">
    <ele>2040.3999999999999</ele>
   </trkpt>
   <trkpt lat="46.269200000000005" lon="7.59961">
    <ele>2044.3600000000001</ele>
   </trkpt>
   <trkpt lat="46.2691" lon="7.599640000000001">
    <ele>2044.3600000000001</ele>
   </trkpt>
   <trkpt lat="46.268840000000004" lon="7.599600000000001">
    <ele>2046.46</ele>
   </trkpt>
   <trkpt lat="46.268750000000004" lon="7.599620000000001">
    <ele>2047.6499999999999</ele>
   </trkpt>
   <trkpt lat="46.268510000000006" lon="7.599850000000001">
    <ele>2049.25</ele>
   </trkpt>
   <trkpt lat="46.26825" lon="7.600160000000001">
    <ele>2050.86</ele>
   </trkpt>
   <trkpt lat="46.26818" lon="7.60022">
    <ele>2051.57</ele>
   </trkpt>
   <trkpt lat="46.267990000000005" lon="7.600270000000001">
    <ele>2051.96</ele>
   </trkpt>
   <trkpt lat="46.267810000000004" lon="7.600390000000001">
    <ele>2052.9900000000002</ele>
   </trkpt>
   <trkpt lat="46.267450000000004" lon="7.6004700000000005">
    <ele>2054.51</ele>
   </trkpt>
   <trkpt lat="46.26731" lon="7.600420000000001">
    <ele>2055.32</ele>
   </trkpt>
   <trkpt lat="46.267230000000005" lon="7.600350000000001">
    <ele>2055.32</ele>
   </trkpt>
   <trkpt lat="46.26715" lon="7.60024">
    <ele>2056.11</ele>
   </trkpt>
   <trkpt lat="46.267100000000006" lon="7.5999300000000005">
    <ele>2056.33</ele>
   </trkpt>
   <trkpt lat="46.267050000000005" lon="7.5998600000000005">
    <ele>2056.5</ele>
   </trkpt>
   <trkpt lat="46.267" lon="7.599810000000001">
    <ele>2056.6</ele>
   </trkpt>
   <trkpt lat="46.266780000000004" lon="7.599710000000001">
    <ele>2056.57</ele>
   </trkpt>
   <trkpt lat="46.26673" lon="7.599660000000001">
    <ele>2056.6</ele>
   </trkpt>
   <trkpt lat="46.266630000000006" lon="7.59944">
    <ele>2056.7900000000004</ele>
   </trkpt>
   <trkpt lat="46.266470000000005" lon="7.599410000000001">
    <ele>2056.88</ele>
   </trkpt>
   <trkpt lat="46.266310000000004" lon="7.599260000000001">
    <ele>2056.87</ele>
   </trkpt>
   <trkpt lat="46.26621" lon="7.599120000000001">
    <ele>2056.87</ele>
   </trkpt>
   <trkpt lat="46.266200000000005" lon="7.598940000000001">
    <ele>2056.75</ele>
   </trkpt>
   <trkpt lat="46.266290000000005" lon="7.598560000000001">
    <ele>2056.8500000000004</ele>
   </trkpt>
   <trkpt lat="46.26612" lon="7.5978">
    <ele>2056.2500000000005</ele>
   </trkpt>
   <trkpt lat="46.265950000000004" lon="7.59759">
    <ele>2055.87</ele>
   </trkpt>
   <trkpt lat="46.26543" lon="7.5973500000000005">
    <ele>2055.52</ele>
   </trkpt>
   <trkpt lat="46.265350000000005" lon="7.5972800000000005">
    <ele>2055.4900000000002</ele>
   </trkpt>
   <trkpt lat="46.264920000000004" lon="7.59705">
    <ele>2055.4100000000003</ele>
   </trkpt>
   <trkpt lat="46.26482" lon="7.597040000000001">
    <ele>2054.86</ele>
   </trkpt>
   <trkpt lat="46.264410000000005" lon="7.59717">
    <ele>2054.8700000000003</ele>
   </trkpt>
   <trkpt lat="46.264300000000006" lon="7.597230000000001">
    <ele>2054.82</ele>
   </trkpt>
   <trkpt lat="46.26418" lon="7.5972100000000005">
    <ele>2054.85</ele>
   </trkpt>
   <trkpt lat="46.264050000000005" lon="7.597010000000001">
    <ele>2055.05</ele>
   </trkpt>
   <trkpt lat="46.26391" lon="7.59686">
    <ele>2055.33</ele>
   </trkpt>
   <trkpt lat="46.263850000000005" lon="7.5967400000000005">
    <ele>2055.66</ele>
   </trkpt>
   <trkpt lat="46.26382" lon="7.596610000000001">
    <ele>2055.9800000000005</ele>
   </trkpt>
   <trkpt lat="46.26393" lon="7.596010000000001">
    <ele>2056.5299999999997</ele>
   </trkpt>
   <trkpt lat="46.26393" lon="7.595870000000001">
    <ele>2056.61</ele>
   </trkpt>
   <trkpt lat="46.26388" lon="7.59576">
    <ele>2056.59</ele>
   </trkpt>
   <trkpt lat="46.26366" lon="7.5955900000000005">
    <ele>2056.3700000000003</ele>
   </trkpt>
   <trkpt lat="46.26346" lon="7.59548">
    <ele>2056.3100000000004</ele>
   </trkpt>
   <trkpt lat="46.26332000000001" lon="7.595370000000001">
    <ele>2056.3100000000004</ele>
   </trkpt>
   <trkpt lat="46.26321" lon="7.595210000000001">
    <ele>2056.51</ele>
   </trkpt>
   <trkpt lat="46.263000000000005" lon="7.595040000000001">
    <ele>2056.54</ele>
   </trkpt>
   <trkpt lat="46.262820000000005" lon="7.594790000000001">
    <ele>2056.51</ele>
   </trkpt>
   <trkpt lat="46.262690000000006" lon="7.59468">
    <ele>2056.73</ele>
   </trkpt>
   <trkpt lat="46.262350000000005" lon="7.594570000000001">
    <ele>2057.02</ele>
   </trkpt>
   <trkpt lat="46.262240000000006" lon="7.59447">
    <ele>2057.0699999999997</ele>
   </trkpt>
   <trkpt lat="46.26218" lon="7.59428">
    <ele>2057.35</ele>
   </trkpt>
   <trkpt lat="46.262100000000004" lon="7.59419">
    <ele>2057.49</ele>
   </trkpt>
   <trkpt lat="46.26193000000001" lon="7.59405">
    <ele>2057.7400000000002</ele>
   </trkpt>
   <trkpt lat="46.26183" lon="7.593850000000001">
    <ele>2057.7400000000002</ele>
   </trkpt>
   <trkpt lat="46.261770000000006" lon="7.593770000000001">
    <ele>2057.75</ele>
   </trkpt>
   <trkpt lat="46.26162" lon="7.59365">
    <ele>2057.75</ele>
   </trkpt>
   <trkpt lat="46.261500000000005" lon="7.5936">
    <ele>2057.8</ele>
   </trkpt>
   <trkpt lat="46.26142" lon="7.593640000000001">
    <ele>2057.89</ele>
   </trkpt>
   <trkpt lat="46.261300000000006" lon="7.59372">
    <ele>2058.1800000000003</ele>
   </trkpt>
   <trkpt lat="46.261160000000004" lon="7.5939000000000005">
    <ele>2058.64</ele>
   </trkpt>
   <trkpt lat="46.26082" lon="7.59447">
    <ele>2059.65</ele>
   </trkpt>
   <trkpt lat="46.26075" lon="7.594650000000001">
    <ele>2059.65</ele>
   </trkpt>
   <trkpt lat="46.26070000000001" lon="7.594850000000001">
    <ele>2059.96</ele>
   </trkpt>
   <trkpt lat="46.260630000000006" lon="7.5949800000000005">
    <ele>2060.12</ele>
   </trkpt>
   <trkpt lat="46.26053" lon="7.595020000000001">
    <ele>2060.4</ele>
   </trkpt>
   <trkpt lat="46.260310000000004" lon="7.5950500000000005">
    <ele>2060.48</ele>
   </trkpt>
   <trkpt lat="46.26012" lon="7.59517">
    <ele>2060.76</ele>
   </trkpt>
   <trkpt lat="46.259930000000004" lon="7.59522">
    <ele>2061.11</ele>
   </trkpt>
   <trkpt lat="46.259800000000006" lon="7.595300000000001">
    <ele>2061.21</ele>
   </trkpt>
   <trkpt lat="46.25968" lon="7.595460000000001">
    <ele>2061.05</ele>
   </trkpt>
   <trkpt lat="46.259530000000005" lon="7.5955200000000005">
    <ele>2061.02</ele>
   </trkpt>
   <trkpt lat="46.25945" lon="7.595600000000001">
    <ele>2061.02</ele>
   </trkpt>
   <trkpt lat="46.259370000000004" lon="7.59576">
    <ele>2061.15</ele>
   </trkpt>
   <trkpt lat="46.25923" lon="7.595890000000001">
    <ele>2061.52</ele>
   </trkpt>
   <trkpt lat="46.25911000000001" lon="7.59604">
    <ele>2061.67</ele>
   </trkpt>
   <trkpt lat="46.2588" lon="7.596550000000001">
    <ele>2061.8100000000004</ele>
   </trkpt>
   <trkpt lat="46.258720000000004" lon="7.59663">
    <ele>2061.9</ele>
   </trkpt>
   <trkpt lat="46.25864000000001" lon="7.5966000000000005">
    <ele>2061.9900000000002</ele>
   </trkpt>
   <trkpt lat="46.25855000000001" lon="7.596500000000001">
    <ele>2062.1800000000003</ele>
   </trkpt>
   <trkpt lat="46.25842" lon="7.596420000000001">
    <ele>2062.29</ele>
   </trkpt>
   <trkpt lat="46.258320000000005" lon="7.59632">
    <ele>2062.37</ele>
   </trkpt>
   <trkpt lat="46.2582" lon="7.59595">
    <ele>2062.7500000000005</ele>
   </trkpt>
   <trkpt lat="46.258070000000004" lon="7.59576">
    <ele>2062.92</ele>
   </trkpt>
   <trkpt lat="46.25789" lon="7.595600000000001">
    <ele>2062.94</ele>
   </trkpt>
   <trkpt lat="46.2578" lon="7.595490000000001">
    <ele>2062.92</ele>
   </trkpt>
   <trkpt lat="46.25764" lon="7.595160000000001">
    <ele>2062.9300000000003</ele>
   </trkpt>
   <trkpt lat="46.257560000000005" lon="7.595060000000001">
    <ele>2062.71</ele>
   </trkpt>
   <trkpt lat="46.257180000000005" lon="7.5948">
    <ele>2060.96</ele>
   </trkpt>
   <trkpt lat="46.257070000000006" lon="7.594670000000001">
    <ele>2060.96</ele>
   </trkpt>
   <trkpt lat="46.256820000000005" lon="7.59426">
    <ele>2059.15</ele>
   </trkpt>
   <trkpt lat="46.256660000000004" lon="7.59395">
    <ele>2058.31</ele>
   </trkpt>
   <trkpt lat="46.256440000000005" lon="7.593700000000001">
    <ele>2056.86</ele>
   </trkpt>
   <trkpt lat="46.256370000000004" lon="7.593560000000001">
    <ele>2056.17</ele>
   </trkpt>
   <trkpt lat="46.25627" lon="7.593210000000001">
    <ele>2054.4200000000005</ele>
   </trkpt>
   <trkpt lat="46.25620000000001" lon="7.593100000000001">
    <ele>2053.67</ele>
   </trkpt>
   <trkpt lat="46.25594" lon="7.59285">
    <ele>2049.75</ele>
   </trkpt>
   <trkpt lat="46.25585" lon="7.592700000000001">
    <ele>2049.75</ele>
   </trkpt>
   <trkpt lat="46.255660000000006" lon="7.592530000000001">
    <ele>2047.5500000000002</ele>
   </trkpt>
   <trkpt lat="46.25547" lon="7.592390000000001">
    <ele>2044.7300000000002</ele>
   </trkpt>
   <trkpt lat="46.25533" lon="7.59231">
    <ele>2043.4800000000002</ele>
   </trkpt>
   <trkpt lat="46.255190000000006" lon="7.592280000000001">
    <ele>2042.31</ele>
   </trkpt>
   <trkpt lat="46.255050000000004" lon="7.592300000000001">
    <ele>2041.18</ele>
   </trkpt>
   <trkpt lat="46.25507" lon="7.59229">
    <ele>2041.2700000000002</ele>
   </trkpt>
   <trkpt lat="46.25484" lon="7.592410000000001">
    <ele>2038.8700000000001</ele>
   </trkpt>
   <trkpt lat="46.2546" lon="7.592620000000001">
    <ele>2035.9800000000002</ele>
   </trkpt>
   <trkpt lat="46.254490000000004" lon="7.59266">
    <ele>2035.3500000000001</ele>
   </trkpt>
   <trkpt lat="46.25444" lon="7.59273">
    <ele>2034.84</ele>
   </trkpt>
   <trkpt lat="46.25432000000001" lon="7.59304">
    <ele>2033.91</ele>
   </trkpt>
   <trkpt lat="46.254270000000005" lon="7.59313">
    <ele>2033.5200000000002</ele>
   </trkpt>
   <trkpt lat="46.25413" lon="7.5932200000000005">
    <ele>2032.6</ele>
   </trkpt>
   <trkpt lat="46.254110000000004" lon="7.593280000000001">
    <ele>2032.6</ele>
   </trkpt>
   <trkpt lat="46.25386" lon="7.593680000000001">
    <ele>2031.31</ele>
   </trkpt>
   <trkpt lat="46.253690000000006" lon="7.594110000000001">
    <ele>2029.1000000000001</ele>
   </trkpt>
   <trkpt lat="46.2535" lon="7.594780000000001">
    <ele>2023.6400000000003</ele>
   </trkpt>
   <trkpt lat="46.2533" lon="7.595000000000001">
    <ele>2018.6000000000001</ele>
   </trkpt>
   <trkpt lat="46.25303" lon="7.595230000000001">
    <ele>2012.6699999999998</ele>
   </trkpt>
   <trkpt lat="46.25291000000001" lon="7.59536">
    <ele>2008.16</ele>
   </trkpt>
   <trkpt lat="46.25285" lon="7.595460000000001">
    <ele>2007.19</ele>
   </trkpt>
   <trkpt lat="46.252680000000005" lon="7.5960600000000005">
    <ele>1995.47</ele>
   </trkpt>
   <trkpt lat="46.252660000000006" lon="7.596210000000001">
    <ele>1994.5500000000002</ele>
   </trkpt>
   <trkpt lat="46.252660000000006" lon="7.5967">
    <ele>1995.92</ele>
   </trkpt>
   <trkpt lat="46.252280000000006" lon="7.597740000000001">
    <ele>1984.14</ele>
   </trkpt>
   <trkpt lat="46.25218" lon="7.597970000000001">
    <ele>1982.9800000000002</ele>
   </trkpt>
   <trkpt lat="46.252050000000004" lon="7.598020000000001">
    <ele>1981.42</ele>
   </trkpt>
   <trkpt lat="46.25193" lon="7.597910000000001">
    <ele>1980.0000000000002</ele>
   </trkpt>
   <trkpt lat="46.25170000000001" lon="7.5985700000000005">
    <ele>1979.66</ele>
   </trkpt>
   <trkpt lat="46.25173" lon="7.59949">
    <ele>1983.98</ele>
   </trkpt>
   <trkpt lat="46.251720000000006" lon="7.60017">
    <ele>1990.5800000000002</ele>
   </trkpt>
   <trkpt lat="46.251650000000005" lon="7.60038">
    <ele>1993.0100000000002</ele>
   </trkpt>
   <trkpt lat="46.251650000000005" lon="7.600650000000001">
    <ele>1996.63</ele>
   </trkpt>
   <trkpt lat="46.25161000000001" lon="7.600840000000001">
    <ele>1998.02</ele>
   </trkpt>
   <trkpt lat="46.251450000000006" lon="7.601160000000001">
    <ele>2000.01</ele>
   </trkpt>
   <trkpt lat="46.251050000000006" lon="7.601850000000001">
    <ele>2002.0700000000002</ele>
   </trkpt>
   <trkpt lat="46.25066" lon="7.602310000000001">
    <ele>1997.0500000000002</ele>
   </trkpt>
   <trkpt lat="46.250510000000006" lon="7.602640000000001">
    <ele>1995.4900000000002</ele>
   </trkpt>
   <trkpt lat="46.250370000000004" lon="7.602810000000001">
    <ele>1995.9700000000003</ele>
   </trkpt>
   <trkpt lat="46.2503" lon="7.6029100000000005">
    <ele>1996.5100000000002</ele>
   </trkpt>
   <trkpt lat="46.250280000000004" lon="7.603070000000001">
    <ele>1996.5500000000002</ele>
   </trkpt>
   <trkpt lat="46.25029000000001" lon="7.604010000000001">
    <ele>1998.0300000000002</ele>
   </trkpt>
   <trkpt lat="46.250280000000004" lon="7.604080000000001">
    <ele>1998.0300000000002</ele>
   </trkpt>
   <trkpt lat="46.250220000000006" lon="7.604170000000001">
    <ele>1998.3300000000002</ele>
   </trkpt>
   <trkpt lat="46.25018" lon="7.604190000000001">
    <ele>1998.3300000000002</ele>
   </trkpt>
   <trkpt lat="46.25007" lon="7.60444">
    <ele>2000.3200000000004</ele>
   </trkpt>
   <trkpt lat="46.24998" lon="7.604500000000001">
    <ele>2001.08</ele>
   </trkpt>
   <trkpt lat="46.24992" lon="7.604610000000001">
    <ele>2001.49</ele>
   </trkpt>
   <trkpt lat="46.249520000000004" lon="7.604920000000001">
    <ele>2008.9300000000003</ele>
   </trkpt>
   <trkpt lat="46.249370000000006" lon="7.6051400000000005">
    <ele>2012.33</ele>
   </trkpt>
   <trkpt lat="46.24936" lon="7.6054200000000005">
    <ele>2014.4700000000003</ele>
   </trkpt>
   <trkpt lat="46.249230000000004" lon="7.60585">
    <ele>2018.6300000000003</ele>
   </trkpt>
   <trkpt lat="46.2492" lon="7.606020000000001">
    <ele>2021.4199999999998</ele>
   </trkpt>
   <trkpt lat="46.249080000000006" lon="7.606260000000001">
    <ele>2023.8400000000004</ele>
   </trkpt>
   <trkpt lat="46.249010000000006" lon="7.60632">
    <ele>2025.5700000000002</ele>
   </trkpt>
   <trkpt lat="46.248850000000004" lon="7.60655">
    <ele>2027.67</ele>
   </trkpt>
   <trkpt lat="46.24882" lon="7.606650000000001">
    <ele>2030.13</ele>
   </trkpt>
   <trkpt lat="46.24879000000001" lon="7.60667">
    <ele>2031.0100000000002</ele>
   </trkpt>
   <trkpt lat="46.24853" lon="7.606730000000001">
    <ele>2036.3800000000003</ele>
   </trkpt>
   <trkpt lat="46.24841000000001" lon="7.6067800000000005">
    <ele>2039.2900000000002</ele>
   </trkpt>
   <trkpt lat="46.24822" lon="7.6069700000000005">
    <ele>2043.7600000000002</ele>
   </trkpt>
   <trkpt lat="46.247960000000006" lon="7.607310000000001">
    <ele>2048.57</ele>
   </trkpt>
   <trkpt lat="46.24792" lon="7.6073900000000005">
    <ele>2049.7</ele>
   </trkpt>
   <trkpt lat="46.24786" lon="7.60744">
    <ele>2049.7</ele>
   </trkpt>
   <trkpt lat="46.24768" lon="7.607690000000001">
    <ele>2053.69</ele>
   </trkpt>
   <trkpt lat="46.24752" lon="7.607990000000001">
    <ele>2056.2599999999998</ele>
   </trkpt>
   <trkpt lat="46.2475" lon="7.60803">
    <ele>2056.42</ele>
   </trkpt>
   <trkpt lat="46.247310000000006" lon="7.60803">
    <ele>2058.07</ele>
   </trkpt>
   <trkpt lat="46.24703" lon="7.607970000000001">
    <ele>2060.46</ele>
   </trkpt>
   <trkpt lat="46.2468" lon="7.60784">
    <ele>2063.55</ele>
   </trkpt>
   <trkpt lat="46.246520000000004" lon="7.607780000000001">
    <ele>2066.5400000000004</ele>
   </trkpt>
   <trkpt lat="46.24622" lon="7.60789">
    <ele>2069.21</ele>
   </trkpt>
   <trkpt lat="46.245900000000006" lon="7.607940000000001">
    <ele>2071.86</ele>
   </trkpt>
   <trkpt lat="46.245760000000004" lon="7.60777">
    <ele>2069.3300000000004</ele>
   </trkpt>
   <trkpt lat="46.245610000000006" lon="7.607660000000001">
    <ele>2065.05</ele>
   </trkpt>
   <trkpt lat="46.24555" lon="7.607500000000001">
    <ele>2060.01</ele>
   </trkpt>
   <trkpt lat="46.24548" lon="7.607400000000001">
    <ele>2058.8300000000004</ele>
   </trkpt>
   <trkpt lat="46.24495" lon="7.606990000000001">
    <ele>2048.1000000000004</ele>
   </trkpt>
   <trkpt lat="46.24472" lon="7.606630000000001">
    <ele>2044.1299999999999</ele>
   </trkpt>
   <trkpt lat="46.244620000000005" lon="7.60622">
    <ele>2041.91</ele>
   </trkpt>
   <trkpt lat="46.244550000000004" lon="7.606000000000001">
    <ele>2041.8000000000002</ele>
   </trkpt>
   <trkpt lat="46.244530000000005" lon="7.605760000000001">
    <ele>2044.0800000000002</ele>
   </trkpt>
   <trkpt lat="46.2445" lon="7.60566">
    <ele>2044.6</ele>
   </trkpt>
   <trkpt lat="46.24427000000001" lon="7.60547">
    <ele>2046.5600000000004</ele>
   </trkpt>
   <trkpt lat="46.24409000000001" lon="7.60524">
    <ele>2048.75</ele>
   </trkpt>
   <trkpt lat="46.24389" lon="7.605090000000001">
    <ele>2053.35</ele>
   </trkpt>
   <trkpt lat="46.24371000000001" lon="7.604990000000001">
    <ele>2055.3500000000004</ele>
   </trkpt>
   <trkpt lat="46.243480000000005" lon="7.604800000000001">
    <ele>2057.1</ele>
   </trkpt>
   <trkpt lat="46.24329" lon="7.604610000000001">
    <ele>2056.2500000000005</ele>
   </trkpt>
   <trkpt lat="46.243100000000005" lon="7.604330000000001">
    <ele>2051.9700000000003</ele>
   </trkpt>
   <trkpt lat="46.24262" lon="7.603980000000001">
    <ele>2052.86</ele>
   </trkpt>
   <trkpt lat="46.242470000000004" lon="7.603930000000001">
    <ele>2052.15</ele>
   </trkpt>
   <trkpt lat="46.24219" lon="7.603910000000001">
    <ele>2052.23</ele>
   </trkpt>
   <trkpt lat="46.24184" lon="7.60371">
    <ele>2052.07</ele>
   </trkpt>
   <trkpt lat="46.24166" lon="7.603540000000001">
    <ele>2052.4300000000003</ele>
   </trkpt>
   <trkpt lat="46.241550000000004" lon="7.60336">
    <ele>2053.5</ele>
   </trkpt>
   <trkpt lat="46.241420000000005" lon="7.60308">
    <ele>2053.96</ele>
   </trkpt>
   <trkpt lat="46.241290000000006" lon="7.60296">
    <ele>2053.4700000000003</ele>
   </trkpt>
   <trkpt lat="46.241220000000006" lon="7.602830000000001">
    <ele>2052.6</ele>
   </trkpt>
   <trkpt lat="46.241110000000006" lon="7.6024400000000005">
    <ele>2048.32</ele>
   </trkpt>
   <trkpt lat="46.24103" lon="7.60228">
    <ele>2047.6200000000001</ele>
   </trkpt>
   <trkpt lat="46.240880000000004" lon="7.602180000000001">
    <ele>2049.46</ele>
   </trkpt>
   <trkpt lat="46.240610000000004" lon="7.602110000000001">
    <ele>2051.84</ele>
   </trkpt>
   <trkpt lat="46.24051" lon="7.60205">
    <ele>2053.0600000000004</ele>
   </trkpt>
   <trkpt lat="46.240320000000004" lon="7.60174">
    <ele>2059.3700000000003</ele>
   </trkpt>
   <trkpt lat="46.2402" lon="7.6016200000000005">
    <ele>2061.8500000000004</ele>
   </trkpt>
   <trkpt lat="46.239830000000005" lon="7.60134">
    <ele>2065.32</ele>
   </trkpt>
   <trkpt lat="46.239380000000004" lon="7.60104">
    <ele>2071.01</ele>
   </trkpt>
   <trkpt lat="46.23930000000001" lon="7.601020000000001">
    <ele>2072.36</ele>
   </trkpt>
   <trkpt lat="46.239140000000006" lon="7.601070000000001">
    <ele>2074.28</ele>
   </trkpt>
   <trkpt lat="46.239020000000004" lon="7.6010100000000005">
    <ele>2075.28</ele>
   </trkpt>
   <trkpt lat="46.23863" lon="7.600690000000001">
    <ele>2081.61</ele>
   </trkpt>
   <trkpt lat="46.238530000000004" lon="7.600670000000001">
    <ele>2083.81</ele>
   </trkpt>
   <trkpt lat="46.23836000000001" lon="7.60036">
    <ele>2088.13</ele>
   </trkpt>
   <trkpt lat="46.238310000000006" lon="7.600320000000001">
    <ele>2088.94</ele>
   </trkpt>
   <trkpt lat="46.23825" lon="7.60029">
    <ele>2089.68</ele>
   </trkpt>
   <trkpt lat="46.23758" lon="7.600370000000001">
    <ele>2103.2200000000003</ele>
   </trkpt>
   <trkpt lat="46.237370000000006" lon="7.60036">
    <ele>2108.6</ele>
   </trkpt>
   <trkpt lat="46.23738" lon="7.60036">
    <ele>2108.42</ele>
   </trkpt>
   <trkpt lat="46.23704" lon="7.6006100000000005">
    <ele>2114.92</ele>
   </trkpt>
   <trkpt lat="46.23689" lon="7.6008700000000005">
    <ele>2118.6600000000003</ele>
   </trkpt>
   <trkpt lat="46.23653" lon="7.601170000000001">
    <ele>2123.71</ele>
   </trkpt>
   <trkpt lat="46.23581" lon="7.601570000000001">
    <ele>2135.48</ele>
   </trkpt>
   <trkpt lat="46.23568" lon="7.601610000000001">
    <ele>2137.7300000000005</ele>
   </trkpt>
   <trkpt lat="46.23559" lon="7.601700000000001">
    <ele>2139.86</ele>
   </trkpt>
   <trkpt lat="46.23555" lon="7.60181">
    <ele>2140.61</ele>
   </trkpt>
   <trkpt lat="46.235350000000004" lon="7.602030000000001">
    <ele>2143.24</ele>
   </trkpt>
   <trkpt lat="46.23534" lon="7.60214">
    <ele>2149.9300000000003</ele>
   </trkpt>
   <trkpt lat="46.235220000000005" lon="7.602320000000001">
    <ele>2151.76</ele>
   </trkpt>
   <trkpt lat="46.235130000000005" lon="7.602520000000001">
    <ele>2154.3900000000003</ele>
   </trkpt>
   <trkpt lat="46.235060000000004" lon="7.602970000000001">
    <ele>2158.43</ele>
   </trkpt>
   <trkpt lat="46.23501" lon="7.603090000000001">
    <ele>2159.31</ele>
   </trkpt>
   <trkpt lat="46.23496" lon="7.603110000000001">
    <ele>2159.78</ele>
   </trkpt>
   <trkpt lat="46.23489000000001" lon="7.603250000000001">
    <ele>2162.1400000000003</ele>
   </trkpt>
   <trkpt lat="46.234820000000006" lon="7.603330000000001">
    <ele>2162.7400000000002</ele>
   </trkpt>
   <trkpt lat="46.23474" lon="7.603370000000001">
    <ele>2163.7200000000003</ele>
   </trkpt>
   <trkpt lat="46.2346" lon="7.603510000000001">
    <ele>2165.3900000000003</ele>
   </trkpt>
   <trkpt lat="46.234460000000006" lon="7.603820000000001">
    <ele>2168.9500000000003</ele>
   </trkpt>
   <trkpt lat="46.23445" lon="7.6039">
    <ele>2170.0600000000004</ele>
   </trkpt>
   <trkpt lat="46.234410000000004" lon="7.6039900000000005">
    <ele>2170.92</ele>
   </trkpt>
   <trkpt lat="46.23433000000001" lon="7.604050000000001">
    <ele>2171.38</ele>
   </trkpt>
   <trkpt lat="46.23418" lon="7.6043400000000005">
    <ele>2175.4500000000003</ele>
   </trkpt>
   <trkpt lat="46.23411" lon="7.604410000000001">
    <ele>2175.4500000000003</ele>
   </trkpt>
   <trkpt lat="46.23406000000001" lon="7.604620000000001">
    <ele>2178.77</ele>
   </trkpt>
   <trkpt lat="46.23395000000001" lon="7.604730000000001">
    <ele>2179.76</ele>
   </trkpt>
   <trkpt lat="46.23391" lon="7.604800000000001">
    <ele>2179.76</ele>
   </trkpt>
   <trkpt lat="46.233790000000006" lon="7.604890000000001">
    <ele>2180.84</ele>
   </trkpt>
   <trkpt lat="46.23368000000001" lon="7.604940000000001">
    <ele>2181.95</ele>
   </trkpt>
   <trkpt lat="46.23358" lon="7.605020000000001">
    <ele>2182.48</ele>
   </trkpt>
   <trkpt lat="46.233560000000004" lon="7.60507">
    <ele>2182.89</ele>
   </trkpt>
   <trkpt lat="46.23326" lon="7.605270000000001">
    <ele>2184.88</ele>
   </trkpt>
   <trkpt lat="46.233160000000005" lon="7.605390000000001">
    <ele>2185.2400000000002</ele>
   </trkpt>
   <trkpt lat="46.233000000000004" lon="7.60545">
    <ele>2185.1600000000003</ele>
   </trkpt>
   <trkpt lat="46.23275" lon="7.60573">
    <ele>2185.74</ele>
   </trkpt>
   <trkpt lat="46.2327" lon="7.605760000000001">
    <ele>2185.75</ele>
   </trkpt>
   <trkpt lat="46.232670000000006" lon="7.605880000000001">
    <ele>2185.56</ele>
   </trkpt>
   <trkpt lat="46.232620000000004" lon="7.605930000000001">
    <ele>2185.56</ele>
   </trkpt>
   <trkpt lat="46.23252" lon="7.606000000000001">
    <ele>2185.63</ele>
   </trkpt>
   <trkpt lat="46.23241" lon="7.6060300000000005">
    <ele>2186.1200000000003</ele>
   </trkpt>
   <trkpt lat="46.23223" lon="7.606110000000001">
    <ele>2186.73</ele>
   </trkpt>
   <trkpt lat="46.23218000000001" lon="7.60622">
    <ele>2186.9400000000005</ele>
   </trkpt>
   <trkpt lat="46.232130000000005" lon="7.60627">
    <ele>2187.6600000000003</ele>
   </trkpt>
   <trkpt lat="46.23209000000001" lon="7.60646">
    <ele>2188.09</ele>
   </trkpt>
   <trkpt lat="46.231950000000005" lon="7.6066">
    <ele>2188.82</ele>
   </trkpt>
   <trkpt lat="46.231820000000006" lon="7.60667">
    <ele>2189.03</ele>
   </trkpt>
   <trkpt lat="46.23165" lon="7.606920000000001">
    <ele>2189.4</ele>
   </trkpt>
   <trkpt lat="46.231370000000005" lon="7.607120000000001">
    <ele>2189.67</ele>
   </trkpt>
   <trkpt lat="46.231210000000004" lon="7.60737">
    <ele>2188.6</ele>
   </trkpt>
   <trkpt lat="46.23104000000001" lon="7.60749">
    <ele>2187.3500000000004</ele>
   </trkpt>
   <trkpt lat="46.23098" lon="7.607570000000001">
    <ele>2186.63</ele>
   </trkpt>
   <trkpt lat="46.23091" lon="7.607620000000001">
    <ele>2185.7900000000004</ele>
   </trkpt>
   <trkpt lat="46.230810000000005" lon="7.607760000000001">
    <ele>2184.67</ele>
   </trkpt>
   <trkpt lat="46.23071" lon="7.607830000000001">
    <ele>2183.7400000000002</ele>
   </trkpt>
   <trkpt lat="46.23059000000001" lon="7.6078600000000005">
    <ele>2182.0600000000004</ele>
   </trkpt>
   <trkpt lat="46.23031" lon="7.6081900000000005">
    <ele>2180.36</ele>
   </trkpt>
   <trkpt lat="46.22993" lon="7.60876">
    <ele>2179.55</ele>
   </trkpt>
   <trkpt lat="46.229850000000006" lon="7.60878">
    <ele>2179.55</ele>
   </trkpt>
   <trkpt lat="46.22957" lon="7.609310000000001">
    <ele>2180.1000000000004</ele>
   </trkpt>
   <trkpt lat="46.229290000000006" lon="7.609890000000001">
    <ele>2180.73</ele>
   </trkpt>
   <trkpt lat="46.229200000000006" lon="7.60998">
    <ele>2179.1400000000003</ele>
   </trkpt>
   <trkpt lat="46.22898000000001" lon="7.610130000000001">
    <ele>2174.83</ele>
   </trkpt>
   <trkpt lat="46.228770000000004" lon="7.6104400000000005">
    <ele>2173.1000000000004</ele>
   </trkpt>
   <trkpt lat="46.22847" lon="7.611060000000001">
    <ele>2173.82</ele>
   </trkpt>
   <trkpt lat="46.22813000000001" lon="7.611600000000001">
    <ele>2172.9100000000003</ele>
   </trkpt>
   <trkpt lat="46.22787" lon="7.611910000000001">
    <ele>2171.88</ele>
   </trkpt>
   <trkpt lat="46.227740000000004" lon="7.61218">
    <ele>2170.94</ele>
   </trkpt>
   <trkpt lat="46.22764" lon="7.6123">
    <ele>2169.98</ele>
   </trkpt>
   <trkpt lat="46.227610000000006" lon="7.61242">
    <ele>2169.3900000000003</ele>
   </trkpt>
   <trkpt lat="46.2276" lon="7.612550000000001">
    <ele>2168.53</ele>
   </trkpt>
   <trkpt lat="46.227500000000006" lon="7.6128800000000005">
    <ele>2165.61</ele>
   </trkpt>
   <trkpt lat="46.227280002037524" lon="7.613565002770214">
    <ele>2162.25</ele>
   </trkpt>
   <trkpt lat="46.22706" lon="7.61425">
    <ele>2157.4500000000003</ele>
   </trkpt>
   <trkpt lat="46.227050000000006" lon="7.614680000000001">
    <ele>2153.1800000000003</ele>
   </trkpt>
   <trkpt lat="46.22692000000001" lon="7.615100000000001">
    <ele>2151.69</ele>
   </trkpt>
   <trkpt lat="46.22677" lon="7.61544">
    <ele>2151.6200000000003</ele>
   </trkpt>
   <trkpt lat="46.22673" lon="7.615590000000001">
    <ele>2151.5</ele>
   </trkpt>
   <trkpt lat="46.22668" lon="7.616010000000001">
    <ele>2151.15</ele>
   </trkpt>
   <trkpt lat="46.22659" lon="7.61631">
    <ele>2151.4</ele>
   </trkpt>
   <trkpt lat="46.22645000000001" lon="7.616620000000001">
    <ele>2150.8700000000003</ele>
   </trkpt>
   <trkpt lat="46.22639" lon="7.616840000000001">
    <ele>2149.95</ele>
   </trkpt>
   <trkpt lat="46.22636000000001" lon="7.61704">
    <ele>2149.34</ele>
   </trkpt>
   <trkpt lat="46.226380000000006" lon="7.61718">
    <ele>2148.26</ele>
   </trkpt>
   <trkpt lat="46.2265" lon="7.617360000000001">
    <ele>2146.71</ele>
   </trkpt>
   <trkpt lat="46.226510000000005" lon="7.6174800000000005">
    <ele>2146.17</ele>
   </trkpt>
   <trkpt lat="46.22645000000001" lon="7.618">
    <ele>2145.4</ele>
   </trkpt>
   <trkpt lat="46.226470000000006" lon="7.61833">
    <ele>2144.59</ele>
   </trkpt>
   <trkpt lat="46.22645000000001" lon="7.6188400000000005">
    <ele>2143.4700000000003</ele>
   </trkpt>
   <trkpt lat="46.22648" lon="7.618930000000001">
    <ele>2143.18</ele>
   </trkpt>
   <trkpt lat="46.22684" lon="7.619470000000001">
    <ele>2140.7100000000005</ele>
   </trkpt>
   <trkpt lat="46.226850000000006" lon="7.619610000000001">
    <ele>2140.9100000000003</ele>
   </trkpt>
   <trkpt lat="46.226820000000004" lon="7.61969">
    <ele>2141.17</ele>
   </trkpt>
   <trkpt lat="46.226780000000005" lon="7.61974">
    <ele>2141.54</ele>
   </trkpt>
   <trkpt lat="46.22666" lon="7.619820000000001">
    <ele>2143.42</ele>
   </trkpt>
   <trkpt lat="46.22659" lon="7.619980000000001">
    <ele>2144.19</ele>
   </trkpt>
   <trkpt lat="46.226580000000006" lon="7.620120000000001">
    <ele>2144.48</ele>
   </trkpt>
   <trkpt lat="46.22659" lon="7.6204600000000005">
    <ele>2145.9100000000003</ele>
   </trkpt>
   <trkpt lat="46.22657" lon="7.620550000000001">
    <ele>2145.9300000000003</ele>
   </trkpt>
   <trkpt lat="46.226490000000005" lon="7.62063">
    <ele>2146.63</ele>
   </trkpt>
   <trkpt lat="46.22643" lon="7.620660000000001">
    <ele>2146.82</ele>
   </trkpt>
   <trkpt lat="46.22619" lon="7.620710000000001">
    <ele>2147.79</ele>
   </trkpt>
   <trkpt lat="46.22601" lon="7.62079">
    <ele>2148.9700000000003</ele>
   </trkpt>
   <trkpt lat="46.22587" lon="7.620900000000001">
    <ele>2149.41</ele>
   </trkpt>
   <trkpt lat="46.22571000000001" lon="7.6210700000000005">
    <ele>2150.15</ele>
   </trkpt>
   <trkpt lat="46.225680000000004" lon="7.621180000000001">
    <ele>2150.32</ele>
   </trkpt>
   <trkpt lat="46.225680000000004" lon="7.621340000000001">
    <ele>2150.37</ele>
   </trkpt>
   <trkpt lat="46.22560000000001" lon="7.621740000000001">
    <ele>2151.5</ele>
   </trkpt>
   <trkpt lat="46.22558" lon="7.6219600000000005">
    <ele>2152.1400000000003</ele>
   </trkpt>
   <trkpt lat="46.22560000000001" lon="7.622310000000001">
    <ele>2155.05</ele>
   </trkpt>
   <trkpt lat="46.225570000000005" lon="7.622440000000001">
    <ele>2155.05</ele>
   </trkpt>
   <trkpt lat="46.22554" lon="7.6225000000000005">
    <ele>2155.0800000000004</ele>
   </trkpt>
   <trkpt lat="46.225500000000004" lon="7.622510000000001">
    <ele>2155.0800000000004</ele>
   </trkpt>
   <trkpt lat="46.22533000000001" lon="7.62246">
    <ele>2156.75</ele>
   </trkpt>
   <trkpt lat="46.225260000000006" lon="7.62246">
    <ele>2156.75</ele>
   </trkpt>
   <trkpt lat="46.225080000000005" lon="7.622420000000001">
    <ele>2158.6600000000003</ele>
   </trkpt>
   <trkpt lat="46.22493" lon="7.62255">
    <ele>2159.4</ele>
   </trkpt>
   <trkpt lat="46.22486000000001" lon="7.622580000000001">
    <ele>2160.39</ele>
   </trkpt>
   <trkpt lat="46.224540000000005" lon="7.6226400000000005">
    <ele>2165.17</ele>
   </trkpt>
   <trkpt lat="46.22449" lon="7.622680000000001">
    <ele>2165.69</ele>
   </trkpt>
   <trkpt lat="46.22446" lon="7.622730000000001">
    <ele>2166.13</ele>
   </trkpt>
   <trkpt lat="46.22437" lon="7.623060000000001">
    <ele>2168.06</ele>
   </trkpt>
   <trkpt lat="46.224320000000006" lon="7.62314">
    <ele>2168.06</ele>
   </trkpt>
   <trkpt lat="46.2242" lon="7.62321">
    <ele>2169.13</ele>
   </trkpt>
   <trkpt lat="46.22406" lon="7.623">
    <ele>2168.01</ele>
   </trkpt>
   <trkpt lat="46.223980000000005" lon="7.622910000000001">
    <ele>2166.0099999999998</ele>
   </trkpt>
   <trkpt lat="46.22377" lon="7.622800000000001">
    <ele>2164.32</ele>
   </trkpt>
   <trkpt lat="46.2235" lon="7.622580000000001">
    <ele>2162.0000000000005</ele>
   </trkpt>
   <trkpt lat="46.22323" lon="7.622520000000001">
    <ele>2158.62</ele>
   </trkpt>
   <trkpt lat="46.22312" lon="7.622540000000001">
    <ele>2157.2599999999998</ele>
   </trkpt>
   <trkpt lat="46.22298000000001" lon="7.622660000000001">
    <ele>2154.67</ele>
   </trkpt>
   <trkpt lat="46.222640000000006" lon="7.623150000000001">
    <ele>2151.33</ele>
   </trkpt>
   <trkpt lat="46.22245" lon="7.623330000000001">
    <ele>2145.0400000000004</ele>
   </trkpt>
   <trkpt lat="46.222300000000004" lon="7.62354">
    <ele>2143.53</ele>
   </trkpt>
   <trkpt lat="46.222100000000005" lon="7.62368">
    <ele>2141.9700000000003</ele>
   </trkpt>
   <trkpt lat="46.22198" lon="7.623800000000001">
    <ele>2141.6400000000003</ele>
   </trkpt>
   <trkpt lat="46.22184" lon="7.6238600000000005">
    <ele>2141.61</ele>
   </trkpt>
   <trkpt lat="46.221160000000005" lon="7.6244000000000005">
    <ele>2141.05</ele>
   </trkpt>
   <trkpt lat="46.22101000000001" lon="7.6245">
    <ele>2140.3500000000004</ele>
   </trkpt>
   <trkpt lat="46.220760000000006" lon="7.6247300000000005">
    <ele>2142.36</ele>
   </trkpt>
   <trkpt lat="46.22045000000001" lon="7.6249">
    <ele>2146.4500000000003</ele>
   </trkpt>
   <trkpt lat="46.220310000000005" lon="7.625170000000001">
    <ele>2146.8</ele>
   </trkpt>
   <trkpt lat="46.220130000000005" lon="7.6253">
    <ele>2149.44</ele>
   </trkpt>
   <trkpt lat="46.21998000000001" lon="7.625430000000001">
    <ele>2150.03</ele>
   </trkpt>
   <trkpt lat="46.21976" lon="7.62579">
    <ele>2151.9700000000003</ele>
   </trkpt>
   <trkpt lat="46.219730000000006" lon="7.62593">
    <ele>2152.46</ele>
   </trkpt>
   <trkpt lat="46.21951000000001" lon="7.626170000000001">
    <ele>2153.62</ele>
   </trkpt>
   <trkpt lat="46.21913000000001" lon="7.6263700000000005">
    <ele>2155.65</ele>
   </trkpt>
   <trkpt lat="46.21891" lon="7.626720000000001">
    <ele>2156.9500000000003</ele>
   </trkpt>
   <trkpt lat="46.21851" lon="7.62696">
    <ele>2159.2900000000004</ele>
   </trkpt>
   <trkpt lat="46.21826" lon="7.62708">
    <ele>2161.2200000000003</ele>
   </trkpt>
   <trkpt lat="46.218120000000006" lon="7.627280000000001">
    <ele>2161.87</ele>
   </trkpt>
   <trkpt lat="46.21788" lon="7.627680000000001">
    <ele>2163.43</ele>
   </trkpt>
   <trkpt lat="46.21766" lon="7.627890000000001">
    <ele>2164.45</ele>
   </trkpt>
   <trkpt lat="46.21748" lon="7.628010000000001">
    <ele>2164.8</ele>
   </trkpt>
   <trkpt lat="46.21735" lon="7.6281300000000005">
    <ele>2165.23</ele>
   </trkpt>
   <trkpt lat="46.217270000000006" lon="7.628310000000001">
    <ele>2166.6000000000004</ele>
   </trkpt>
   <trkpt lat="46.21717" lon="7.628690000000001">
    <ele>2168.04</ele>
   </trkpt>
   <trkpt lat="46.21712" lon="7.628780000000001">
    <ele>2168.0800000000004</ele>
   </trkpt>
   <trkpt lat="46.21707000000001" lon="7.6288100000000005">
    <ele>2168.0800000000004</ele>
   </trkpt>
   <trkpt lat="46.21703" lon="7.6288100000000005">
    <ele>2168.69</ele>
   </trkpt>
   <trkpt lat="46.216860000000004" lon="7.62872">
    <ele>2169.56</ele>
   </trkpt>
   <trkpt lat="46.216640000000005" lon="7.628660000000001">
    <ele>2170.1800000000003</ele>
   </trkpt>
   <trkpt lat="46.21632" lon="7.628710000000001">
    <ele>2171.4900000000002</ele>
   </trkpt>
   <trkpt lat="46.21625" lon="7.6287">
    <ele>2171.4900000000002</ele>
   </trkpt>
   <trkpt lat="46.216080000000005" lon="7.628620000000001">
    <ele>2172.0800000000004</ele>
   </trkpt>
   <trkpt lat="46.216" lon="7.628620000000001">
    <ele>2172.0800000000004</ele>
   </trkpt>
   <trkpt lat="46.2156" lon="7.628710000000001">
    <ele>2173.55</ele>
   </trkpt>
   <trkpt lat="46.215360000000004" lon="7.6288100000000005">
    <ele>2174.3900000000003</ele>
   </trkpt>
   <trkpt lat="46.21524" lon="7.628890000000001">
    <ele>2174.63</ele>
   </trkpt>
   <trkpt lat="46.21491" lon="7.62924">
    <ele>2174.3</ele>
   </trkpt>
   <trkpt lat="46.21472000000001" lon="7.62959">
    <ele>2172.72</ele>
   </trkpt>
   <trkpt lat="46.21463000000001" lon="7.629720000000001">
    <ele>2172.03</ele>
   </trkpt>
   <trkpt lat="46.21455" lon="7.629790000000001">
    <ele>2172.03</ele>
   </trkpt>
   <trkpt lat="46.21439" lon="7.6298900000000005">
    <ele>2170.84</ele>
   </trkpt>
   <trkpt lat="46.214220000000005" lon="7.6301000000000005">
    <ele>2170.1800000000003</ele>
   </trkpt>
   <trkpt lat="46.214040000000004" lon="7.630260000000001">
    <ele>2169.7000000000003</ele>
   </trkpt>
   <trkpt lat="46.21383" lon="7.630370000000001">
    <ele>2169.17</ele>
   </trkpt>
   <trkpt lat="46.213820000000005" lon="7.630380000000001">
    <ele>2169.17</ele>
   </trkpt>
   <trkpt lat="46.213260000000005" lon="7.6305700000000005">
    <ele>2169.62</ele>
   </trkpt>
   <trkpt lat="46.21309" lon="7.630580000000001">
    <ele>2170.34</ele>
   </trkpt>
   <trkpt lat="46.21285" lon="7.6305000000000005">
    <ele>2172.2200000000003</ele>
   </trkpt>
   <trkpt lat="46.21271" lon="7.63039">
    <ele>2174.52</ele>
   </trkpt>
   <trkpt lat="46.21262" lon="7.63039">
    <ele>2175.8900000000003</ele>
   </trkpt>
   <trkpt lat="46.212500000000006" lon="7.630470000000001">
    <ele>2177.19</ele>
   </trkpt>
   <trkpt lat="46.21233" lon="7.630630000000001">
    <ele>2179.5400000000004</ele>
   </trkpt>
   <trkpt lat="46.212" lon="7.630800000000001">
    <ele>2184.78</ele>
   </trkpt>
   <trkpt lat="46.21175" lon="7.631050000000001">
    <ele>2188.25</ele>
   </trkpt>
   <trkpt lat="46.211690000000004" lon="7.63107">
    <ele>2188.25</ele>
   </trkpt>
   <trkpt lat="46.211580000000005" lon="7.6310400000000005">
    <ele>2188.25</ele>
   </trkpt>
   <trkpt lat="46.21146" lon="7.631060000000001">
    <ele>2192.39</ele>
   </trkpt>
   <trkpt lat="46.211130000000004" lon="7.63123">
    <ele>2194.78</ele>
   </trkpt>
   <trkpt lat="46.21096000000001" lon="7.63137">
    <ele>2196.03</ele>
   </trkpt>
   <trkpt lat="46.210860000000004" lon="7.631060000000001">
    <ele>2195.16</ele>
   </trkpt>
   <trkpt lat="46.21078000000001" lon="7.630980000000001">
    <ele>2195.0000000000005</ele>
   </trkpt>
   <trkpt lat="46.210730000000005" lon="7.630890000000001">
    <ele>2194.7900000000004</ele>
   </trkpt>
   <trkpt lat="46.21059" lon="7.630400000000001">
    <ele>2196.3700000000003</ele>
   </trkpt>
   <trkpt lat="46.21041" lon="7.630590000000001">
    <ele>2195.4</ele>
   </trkpt>
   <trkpt lat="46.21025" lon="7.630700000000001">
    <ele>2194.86</ele>
   </trkpt>
   <trkpt lat="46.21014" lon="7.63081">
    <ele>2194.8800000000006</ele>
   </trkpt>
   <trkpt lat="46.209970000000006" lon="7.63088">
    <ele>2195.82</ele>
   </trkpt>
   <trkpt lat="46.20994" lon="7.63086">
    <ele>2195.82</ele>
   </trkpt>
   <trkpt lat="46.209880000000005" lon="7.63088">
    <ele>2196.31</ele>
   </trkpt>
   <trkpt lat="46.209790000000005" lon="7.630820000000001">
    <ele>2197.11</ele>
   </trkpt>
   <trkpt lat="46.209700000000005" lon="7.6308300000000004">
    <ele>2197.4</ele>
   </trkpt>
   <trkpt lat="46.209630000000004" lon="7.630800000000001">
    <ele>2197.73</ele>
   </trkpt>
   <trkpt lat="46.209500000000006" lon="7.630820000000001">
    <ele>2198.9700000000003</ele>
   </trkpt>
   <trkpt lat="46.209430000000005" lon="7.63088">
    <ele>2200.11</ele>
   </trkpt>
   <trkpt lat="46.20933" lon="7.6308300000000004">
    <ele>2200.11</ele>
   </trkpt>
   <trkpt lat="46.20911" lon="7.630770000000001">
    <ele>2202.78</ele>
   </trkpt>
   <trkpt lat="46.208940000000005" lon="7.630770000000001">
    <ele>2204.17</ele>
   </trkpt>
   <trkpt lat="46.20886" lon="7.6306400000000005">
    <ele>2205.29</ele>
   </trkpt>
   <trkpt lat="46.20882" lon="7.630510000000001">
    <ele>2205.88</ele>
   </trkpt>
   <trkpt lat="46.208760000000005" lon="7.6304300000000005">
    <ele>2206.28</ele>
   </trkpt>
   <trkpt lat="46.20875" lon="7.630350000000001">
    <ele>2206.7400000000002</ele>
   </trkpt>
   <trkpt lat="46.20895" lon="7.6300300000000005">
    <ele>2211.3500000000004</ele>
   </trkpt>
   <trkpt lat="46.20906" lon="7.62973">
    <ele>2215.19</ele>
   </trkpt>
   <trkpt lat="46.20906" lon="7.6296800000000005">
    <ele>2215.19</ele>
   </trkpt>
   <trkpt lat="46.20919000000001" lon="7.629430000000001">
    <ele>2216.69</ele>
   </trkpt>
   <trkpt lat="46.2092" lon="7.629360000000001">
    <ele>2217.12</ele>
   </trkpt>
   <trkpt lat="46.20915" lon="7.629160000000001">
    <ele>2218.2500000000005</ele>
   </trkpt>
   <trkpt lat="46.209160000000004" lon="7.628900000000001">
    <ele>2219.92</ele>
   </trkpt>
   <trkpt lat="46.209140000000005" lon="7.628780000000001">
    <ele>2221.27</ele>
   </trkpt>
   <trkpt lat="46.20915" lon="7.628660000000001">
    <ele>2223.52</ele>
   </trkpt>
   <trkpt lat="46.209250000000004" lon="7.6282700000000006">
    <ele>2226.8700000000003</ele>
   </trkpt>
   <trkpt lat="46.209360000000004" lon="7.628010000000001">
    <ele>2229.15</ele>
   </trkpt>
   <trkpt lat="46.20938" lon="7.627860000000001">
    <ele>2231.0000000000005</ele>
   </trkpt>
   <trkpt lat="46.20933" lon="7.62776">
    <ele>2231.94</ele>
   </trkpt>
   <trkpt lat="46.20918" lon="7.627330000000001">
    <ele>2234.42</ele>
   </trkpt>
   <trkpt lat="46.209" lon="7.6269800000000005">
    <ele>2236.2000000000003</ele>
   </trkpt>
   <trkpt lat="46.20904" lon="7.62682">
    <ele>2237.19</ele>
   </trkpt>
   <trkpt lat="46.20910000000001" lon="7.62675">
    <ele>2237.61</ele>
   </trkpt>
   <trkpt lat="46.20911" lon="7.626710000000001">
    <ele>2238.1300000000006</ele>
   </trkpt>
   <trkpt lat="46.20906" lon="7.6263000000000005">
    <ele>2242.59</ele>
   </trkpt>
   <trkpt lat="46.20908000000001" lon="7.626130000000001">
    <ele>2244.1400000000003</ele>
   </trkpt>
   <trkpt lat="46.20910000000001" lon="7.626110000000001">
    <ele>2245.01</ele>
   </trkpt>
   <trkpt lat="46.209160000000004" lon="7.625920000000001">
    <ele>2246.9300000000003</ele>
   </trkpt>
   <trkpt lat="46.209270000000004" lon="7.62567">
    <ele>2255.36</ele>
   </trkpt>
   <trkpt lat="46.20928000000001" lon="7.62544">
    <ele>2257.3700000000003</ele>
   </trkpt>
   <trkpt lat="46.209390000000006" lon="7.62485">
    <ele>2265.15</ele>
   </trkpt>
   <trkpt lat="46.209410000000005" lon="7.624600000000001">
    <ele>2268.71</ele>
   </trkpt>
   <trkpt lat="46.20947" lon="7.624530000000001">
    <ele>2270.3700000000003</ele>
   </trkpt>
   <trkpt lat="46.209500000000006" lon="7.62443">
    <ele>2270.3700000000003</ele>
   </trkpt>
   <trkpt lat="46.209520000000005" lon="7.62398">
    <ele>2275.7200000000003</ele>
   </trkpt>
   <trkpt lat="46.209430000000005" lon="7.623800000000001">
    <ele>2276.69</ele>
   </trkpt>
   <trkpt lat="46.209340000000005" lon="7.6237">
    <ele>2277.2900000000004</ele>
   </trkpt>
   <trkpt lat="46.209270000000004" lon="7.623670000000001">
    <ele>2278.05</ele>
   </trkpt>
   <trkpt lat="46.20926" lon="7.62354">
    <ele>2279.57</ele>
   </trkpt>
   <trkpt lat="46.209210000000006" lon="7.623410000000001">
    <ele>2280.55</ele>
   </trkpt>
   <trkpt lat="46.209050000000005" lon="7.62323">
    <ele>2288.82</ele>
   </trkpt>
   <trkpt lat="46.20902" lon="7.623170000000001">
    <ele>2288.82</ele>
   </trkpt>
   <trkpt lat="46.20906" lon="7.6229000000000005">
    <ele>2290.8500000000004</ele>
   </trkpt>
   <trkpt lat="46.20904" lon="7.622680000000001">
    <ele>2295.58</ele>
   </trkpt>
   <trkpt lat="46.209120000000006" lon="7.622510000000001">
    <ele>2297.9100000000003</ele>
   </trkpt>
   <trkpt lat="46.209140000000005" lon="7.6223600000000005">
    <ele>2298.5800000000004</ele>
   </trkpt>
   <trkpt lat="46.209070000000004" lon="7.622180000000001">
    <ele>2301.6800000000003</ele>
   </trkpt>
   <trkpt lat="46.20899000000001" lon="7.62208">
    <ele>2303.02</ele>
   </trkpt>
   <trkpt lat="46.208940000000005" lon="7.621720000000001">
    <ele>2308.05</ele>
   </trkpt>
   <trkpt lat="46.20891" lon="7.621620000000001">
    <ele>2308.91</ele>
   </trkpt>
   <trkpt lat="46.208830000000006" lon="7.621510000000001">
    <ele>2312.2100000000005</ele>
   </trkpt>
   <trkpt lat="46.20884" lon="7.621370000000001">
    <ele>2312.2100000000005</ele>
   </trkpt>
   <trkpt lat="46.20888" lon="7.621250000000001">
    <ele>2313.93</ele>
   </trkpt>
   <trkpt lat="46.209070000000004" lon="7.62103">
    <ele>2319.3300000000004</ele>
   </trkpt>
   <trkpt lat="46.208980000000004" lon="7.62079">
    <ele>2324.78</ele>
   </trkpt>
   <trkpt lat="46.208920000000006" lon="7.620760000000001">
    <ele>2326.41</ele>
   </trkpt>
   <trkpt lat="46.20890000000001" lon="7.62072">
    <ele>2326.41</ele>
   </trkpt>
   <trkpt lat="46.208850000000005" lon="7.62039">
    <ele>2327.9700000000003</ele>
   </trkpt>
   <trkpt lat="46.208870000000005" lon="7.62009">
    <ele>2328.82</ele>
   </trkpt>
   <trkpt lat="46.20893" lon="7.619580000000001">
    <ele>2330.3700000000003</ele>
   </trkpt>
   <trkpt lat="46.20893" lon="7.61915">
    <ele>2330.35</ele>
   </trkpt>
   <trkpt lat="46.20884" lon="7.619140000000001">
    <ele>2330.23</ele>
   </trkpt>
   <trkpt lat="46.20881000000001" lon="7.619110000000001">
    <ele>2330.23</ele>
   </trkpt>
   <trkpt lat="46.20879" lon="7.618850000000001">
    <ele>2329.9</ele>
   </trkpt>
   <trkpt lat="46.208670000000005" lon="7.618580000000001">
    <ele>2330.41</ele>
   </trkpt>
   <trkpt lat="46.208600000000004" lon="7.618510000000001">
    <ele>2330.48</ele>
   </trkpt>
   <trkpt lat="46.2085" lon="7.6183000000000005">
    <ele>2330.5</ele>
   </trkpt>
   <trkpt lat="46.208450000000006" lon="7.6183000000000005">
    <ele>2330.71</ele>
   </trkpt>
   <trkpt lat="46.208310000000004" lon="7.618100000000001">
    <ele>2332.5600000000004</ele>
   </trkpt>
   <trkpt lat="46.20816000000001" lon="7.618030000000001">
    <ele>2334.09</ele>
   </trkpt>
   <trkpt lat="46.208000000000006" lon="7.617990000000001">
    <ele>2335.57</ele>
   </trkpt>
   <trkpt lat="46.207930000000005" lon="7.618">
    <ele>2336.53</ele>
   </trkpt>
   <trkpt lat="46.207820000000005" lon="7.618060000000001">
    <ele>2337.79</ele>
   </trkpt>
   <trkpt lat="46.207600000000006" lon="7.618270000000001">
    <ele>2343.4000000000005</ele>
   </trkpt>
   <trkpt lat="46.207550000000005" lon="7.6184">
    <ele>2344.04</ele>
   </trkpt>
   <trkpt lat="46.20743" lon="7.619300000000001">
    <ele>2353.59</ele>
   </trkpt>
   <trkpt lat="46.20745" lon="7.6194500000000005">
    <ele>2355.41</ele>
   </trkpt>
   <trkpt lat="46.2075" lon="7.619630000000001">
    <ele>2356.5</ele>
   </trkpt>
   <trkpt lat="46.207440000000005" lon="7.619670000000001">
    <ele>2357.15</ele>
   </trkpt>
   <trkpt lat="46.207330000000006" lon="7.61962">
    <ele>2360.1500000000005</ele>
   </trkpt>
   <trkpt lat="46.20712" lon="7.619490000000001">
    <ele>2361.92</ele>
   </trkpt>
   <trkpt lat="46.206950000000006" lon="7.619350000000001">
    <ele>2368.52</ele>
   </trkpt>
   <trkpt lat="46.20664000000001" lon="7.619400000000001">
    <ele>2374.4100000000003</ele>
   </trkpt>
   <trkpt lat="46.20637000000001" lon="7.619320000000001">
    <ele>2376.7200000000003</ele>
   </trkpt>
   <trkpt lat="46.206050000000005" lon="7.619280000000001">
    <ele>2380.56</ele>
   </trkpt>
   <trkpt lat="46.205940000000005" lon="7.6192">
    <ele>2381.33</ele>
   </trkpt>
   <trkpt lat="46.20588" lon="7.619180000000001">
    <ele>2381.4</ele>
   </trkpt>
   <trkpt lat="46.20571" lon="7.619160000000001">
    <ele>2381.48</ele>
   </trkpt>
   <trkpt lat="46.205540000000006" lon="7.619210000000001">
    <ele>2381.98</ele>
   </trkpt>
   <trkpt lat="46.205490000000005" lon="7.619180000000001">
    <ele>2382.1800000000003</ele>
   </trkpt>
   <trkpt lat="46.20543000000001" lon="7.619180000000001">
    <ele>2382.93</ele>
   </trkpt>
   <trkpt lat="46.205380000000005" lon="7.61915">
    <ele>2382.93</ele>
   </trkpt>
   <trkpt lat="46.205310000000004" lon="7.619140000000001">
    <ele>2383.1600000000003</ele>
   </trkpt>
   <trkpt lat="46.205270000000006" lon="7.61908">
    <ele>2383.42</ele>
   </trkpt>
   <trkpt lat="46.20519" lon="7.61903">
    <ele>2383.3</ele>
   </trkpt>
   <trkpt lat="46.205040000000004" lon="7.61889">
    <ele>2382.0400000000004</ele>
   </trkpt>
   <trkpt lat="46.20487000000001" lon="7.61887">
    <ele>2380.7200000000003</ele>
   </trkpt>
   <trkpt lat="46.20447" lon="7.61868">
    <ele>2379.59</ele>
   </trkpt>
   <trkpt lat="46.20431000000001" lon="7.618570000000001">
    <ele>2380.6800000000003</ele>
   </trkpt>
   <trkpt lat="46.20420000000001" lon="7.618530000000001">
    <ele>2380.98</ele>
   </trkpt>
   <trkpt lat="46.204130000000006" lon="7.61842">
    <ele>2381.27</ele>
   </trkpt>
   <trkpt lat="46.204060000000005" lon="7.618380000000001">
    <ele>2380.04</ele>
   </trkpt>
   <trkpt lat="46.20384000000001" lon="7.61833">
    <ele>2377.2200000000003</ele>
   </trkpt>
   <trkpt lat="46.20375000000001" lon="7.61835">
    <ele>2377.2200000000003</ele>
   </trkpt>
   <trkpt lat="46.20367" lon="7.618310000000001">
    <ele>2373.45</ele>
   </trkpt>
   <trkpt lat="46.20358" lon="7.618340000000001">
    <ele>2373.45</ele>
   </trkpt>
   <trkpt lat="46.20349" lon="7.618290000000001">
    <ele>2372.2400000000002</ele>
   </trkpt>
   <trkpt lat="46.20335" lon="7.61833">
    <ele>2370.19</ele>
   </trkpt>
   <trkpt lat="46.203100000000006" lon="7.618340000000001">
    <ele>2370.6200000000003</ele>
   </trkpt>
   <trkpt lat="46.20302" lon="7.61842">
    <ele>2370.07</ele>
   </trkpt>
   <trkpt lat="46.202940000000005" lon="7.6184400000000005">
    <ele>2369.2000000000003</ele>
   </trkpt>
   <trkpt lat="46.20282" lon="7.618380000000001">
    <ele>2369.03</ele>
   </trkpt>
   <trkpt lat="46.20272000000001" lon="7.6183000000000005">
    <ele>2370.01</ele>
   </trkpt>
   <trkpt lat="46.20261000000001" lon="7.6183000000000005">
    <ele>2370.27</ele>
   </trkpt>
   <trkpt lat="46.202510000000004" lon="7.6183700000000005">
    <ele>2370.3100000000004</ele>
   </trkpt>
   <trkpt lat="46.202400000000004" lon="7.618410000000001">
    <ele>2371.1200000000003</ele>
   </trkpt>
   <trkpt lat="46.202360000000006" lon="7.618390000000001">
    <ele>2371.1200000000003</ele>
   </trkpt>
   <trkpt lat="46.202290000000005" lon="7.618390000000001">
    <ele>2372.26</ele>
   </trkpt>
   <trkpt lat="46.202220000000004" lon="7.618290000000001">
    <ele>2373.96</ele>
   </trkpt>
   <trkpt lat="46.20217" lon="7.618060000000001">
    <ele>2377.9100000000003</ele>
   </trkpt>
   <trkpt lat="46.202110000000005" lon="7.617960000000001">
    <ele>2379.0600000000004</ele>
   </trkpt>
   <trkpt lat="46.202000000000005" lon="7.617900000000001">
    <ele>2379.44</ele>
   </trkpt>
   <trkpt lat="46.2019" lon="7.617820000000001">
    <ele>2379.7300000000005</ele>
   </trkpt>
   <trkpt lat="46.201800000000006" lon="7.617820000000001">
    <ele>2380.2400000000002</ele>
   </trkpt>
   <trkpt lat="46.20154" lon="7.617680000000001">
    <ele>2382.7700000000004</ele>
   </trkpt>
   <trkpt lat="46.20141" lon="7.617710000000001">
    <ele>2383.08</ele>
   </trkpt>
   <trkpt lat="46.20132" lon="7.617750000000001">
    <ele>2382.57</ele>
   </trkpt>
   <trkpt lat="46.201220000000006" lon="7.61772">
    <ele>2381.64</ele>
   </trkpt>
   <trkpt lat="46.201080000000005" lon="7.617780000000001">
    <ele>2380.63</ele>
   </trkpt>
   <trkpt lat="46.200950000000006" lon="7.61779">
    <ele>2380.38</ele>
   </trkpt>
   <trkpt lat="46.200630000000004" lon="7.617940000000001">
    <ele>2380.86</ele>
   </trkpt>
   <trkpt lat="46.200570000000006" lon="7.618010000000001">
    <ele>2380.79</ele>
   </trkpt>
   <trkpt lat="46.2004" lon="7.618080000000001">
    <ele>2379.82</ele>
   </trkpt>
   <trkpt lat="46.20018" lon="7.618100000000001">
    <ele>2376.77</ele>
   </trkpt>
   <trkpt lat="46.20013" lon="7.6180900000000005">
    <ele>2376.13</ele>
   </trkpt>
   <trkpt lat="46.200070000000004" lon="7.618110000000001">
    <ele>2375.0600000000004</ele>
   </trkpt>
   <trkpt lat="46.199960000000004" lon="7.618110000000001">
    <ele>2373.9500000000003</ele>
   </trkpt>
   <trkpt lat="46.19952000000001" lon="7.618180000000001">
    <ele>2369.94</ele>
   </trkpt>
   <trkpt lat="46.199160000000006" lon="7.61833">
    <ele>2372.09</ele>
   </trkpt>
   <trkpt lat="46.19861" lon="7.618360000000001">
    <ele>2380.57</ele>
   </trkpt>
   <trkpt lat="46.198330000000006" lon="7.618290000000001">
    <ele>2381.96</ele>
   </trkpt>
   <trkpt lat="46.19818" lon="7.618220000000001">
    <ele>2382.3800000000006</ele>
   </trkpt>
   <trkpt lat="46.19812" lon="7.618130000000001">
    <ele>2382.6500000000005</ele>
   </trkpt>
   <trkpt lat="46.198010000000004" lon="7.618110000000001">
    <ele>2383.27</ele>
   </trkpt>
   <trkpt lat="46.19782000000001" lon="7.617990000000001">
    <ele>2385.18</ele>
   </trkpt>
   <trkpt lat="46.197680000000005" lon="7.617970000000001">
    <ele>2388.13</ele>
   </trkpt>
   <trkpt lat="46.19731" lon="7.617780000000001">
    <ele>2392.9</ele>
   </trkpt>
   <trkpt lat="46.197210000000005" lon="7.617770000000001">
    <ele>2393.5099999999998</ele>
   </trkpt>
   <trkpt lat="46.19684" lon="7.61788">
    <ele>2394.8500000000004</ele>
   </trkpt>
   <trkpt lat="46.196580000000004" lon="7.618">
    <ele>2395.89</ele>
   </trkpt>
   <trkpt lat="46.19601" lon="7.618500000000001">
    <ele>2399.57</ele>
   </trkpt>
   <trkpt lat="46.195640000000004" lon="7.618550000000001">
    <ele>2400.31</ele>
   </trkpt>
   <trkpt lat="46.195130000000006" lon="7.618550000000001">
    <ele>2401.07</ele>
   </trkpt>
   <trkpt lat="46.19501" lon="7.618500000000001">
    <ele>2401.92</ele>
   </trkpt>
   <trkpt lat="46.194950000000006" lon="7.618530000000001">
    <ele>2402.1700000000005</ele>
   </trkpt>
   <trkpt lat="46.1948" lon="7.61856">
    <ele>2402.78</ele>
   </trkpt>
   <trkpt lat="46.19454" lon="7.61866">
    <ele>2403.36</ele>
   </trkpt>
   <trkpt lat="46.19444000000001" lon="7.618720000000001">
    <ele>2404.02</ele>
   </trkpt>
   <trkpt lat="46.194030000000005" lon="7.61962">
    <ele>2402.8500000000004</ele>
   </trkpt>
   <trkpt lat="46.193870000000004" lon="7.619840000000001">
    <ele>2401.15</ele>
   </trkpt>
   <trkpt lat="46.19377" lon="7.619890000000001">
    <ele>2400.19</ele>
   </trkpt>
   <trkpt lat="46.19361000000001" lon="7.620030000000001">
    <ele>2399.42</ele>
   </trkpt>
   <trkpt lat="46.19323000000001" lon="7.62042">
    <ele>2398.67</ele>
   </trkpt>
   <trkpt lat="46.19315" lon="7.620400000000001">
    <ele>2398.94</ele>
   </trkpt>
   <trkpt lat="46.19304" lon="7.620470000000001">
    <ele>2399.11</ele>
   </trkpt>
   <trkpt lat="46.192800000000005" lon="7.62056">
    <ele>2398.3800000000006</ele>
   </trkpt>
   <trkpt lat="46.19272" lon="7.620640000000001">
    <ele>2398.69</ele>
   </trkpt>
   <trkpt lat="46.19265" lon="7.620610000000001">
    <ele>2398.94</ele>
   </trkpt>
   <trkpt lat="46.192460000000004" lon="7.620680000000001">
    <ele>2399.08</ele>
   </trkpt>
   <trkpt lat="46.19238000000001" lon="7.62065">
    <ele>2399.56</ele>
   </trkpt>
   <trkpt lat="46.192330000000005" lon="7.620590000000001">
    <ele>2399.56</ele>
   </trkpt>
   <trkpt lat="46.192220000000006" lon="7.620570000000001">
    <ele>2399.55</ele>
   </trkpt>
   <trkpt lat="46.191990000000004" lon="7.620360000000001">
    <ele>2395.9700000000003</ele>
   </trkpt>
   <trkpt lat="46.191500000000005" lon="7.62037">
    <ele>2400.98</ele>
   </trkpt>
   <trkpt lat="46.19133" lon="7.620450000000001">
    <ele>2402.3500000000004</ele>
   </trkpt>
   <trkpt lat="46.191010000000006" lon="7.6206700000000005">
    <ele>2405.84</ele>
   </trkpt>
   <trkpt lat="46.19077" lon="7.620970000000001">
    <ele>2410.01</ele>
   </trkpt>
   <trkpt lat="46.190540000000006" lon="7.621130000000001">
    <ele>2415.17</ele>
   </trkpt>
   <trkpt lat="46.19015" lon="7.621060000000001">
    <ele>2415.94</ele>
   </trkpt>
   <trkpt lat="46.18988" lon="7.6211400000000005">
    <ele>2415.28</ele>
   </trkpt>
   <trkpt lat="46.18957" lon="7.621560000000001">
    <ele>2413.3500000000004</ele>
   </trkpt>
   <trkpt lat="46.18941" lon="7.621650000000001">
    <ele>2411.11</ele>
   </trkpt>
   <trkpt lat="46.18936" lon="7.621600000000001">
    <ele>2410.4100000000003</ele>
   </trkpt>
   <trkpt lat="46.18920000000001" lon="7.621530000000001">
    <ele>2409.25</ele>
   </trkpt>
   <trkpt lat="46.1891" lon="7.621550000000001">
    <ele>2408.53</ele>
   </trkpt>
   <trkpt lat="46.18896" lon="7.621550000000001">
    <ele>2407.9700000000003</ele>
   </trkpt>
   <trkpt lat="46.1888" lon="7.621620000000001">
    <ele>2407.28</ele>
   </trkpt>
   <trkpt lat="46.188750000000006" lon="7.621690000000001">
    <ele>2407.2500000000005</ele>
   </trkpt>
   <trkpt lat="46.188680000000005" lon="7.62171">
    <ele>2407.3100000000004</ele>
   </trkpt>
   <trkpt lat="46.18862" lon="7.621690000000001">
    <ele>2407.41</ele>
   </trkpt>
   <trkpt lat="46.188500000000005" lon="7.621740000000001">
    <ele>2408.1</ele>
   </trkpt>
   <trkpt lat="46.18838" lon="7.621840000000001">
    <ele>2408.26</ele>
   </trkpt>
   <trkpt lat="46.188320000000004" lon="7.62192">
    <ele>2408.67</ele>
   </trkpt>
   <trkpt lat="46.1882" lon="7.622170000000001">
    <ele>2409.38</ele>
   </trkpt>
   <trkpt lat="46.18811" lon="7.622210000000001">
    <ele>2409.57</ele>
   </trkpt>
   <trkpt lat="46.188030000000005" lon="7.622210000000001">
    <ele>2409.65</ele>
   </trkpt>
   <trkpt lat="46.187870000000004" lon="7.622120000000001">
    <ele>2409.9500000000003</ele>
   </trkpt>
   <trkpt lat="46.187810000000006" lon="7.62206">
    <ele>2409.9500000000003</ele>
   </trkpt>
   <trkpt lat="46.187760000000004" lon="7.621950000000001">
    <ele>2410.19</ele>
   </trkpt>
   <trkpt lat="46.18768" lon="7.621840000000001">
    <ele>2410.21</ele>
   </trkpt>
   <trkpt lat="46.18751" lon="7.621720000000001">
    <ele>2410.4400000000005</ele>
   </trkpt>
   <trkpt lat="46.18728" lon="7.621650000000001">
    <ele>2410.63</ele>
   </trkpt>
   <trkpt lat="46.18713" lon="7.621720000000001">
    <ele>2411.01</ele>
   </trkpt>
   <trkpt lat="46.18679" lon="7.62208">
    <ele>2411.82</ele>
   </trkpt>
   <trkpt lat="46.18665000000001" lon="7.622140000000001">
    <ele>2411.08</ele>
   </trkpt>
   <trkpt lat="46.18639" lon="7.622510000000001">
    <ele>2408.49</ele>
   </trkpt>
   <trkpt lat="46.185950000000005" lon="7.6233">
    <ele>2405.59</ele>
   </trkpt>
   <trkpt lat="46.185930000000006" lon="7.62344">
    <ele>2404.26</ele>
   </trkpt>
   <trkpt lat="46.185950000000005" lon="7.62354">
    <ele>2401.26</ele>
   </trkpt>
   <trkpt lat="46.18587" lon="7.623550000000001">
    <ele>2400.2700000000004</ele>
   </trkpt>
   <trkpt lat="46.18585" lon="7.62354">
    <ele>2400.2700000000004</ele>
   </trkpt>
   <trkpt lat="46.18574" lon="7.623670000000001">
    <ele>2398.25</ele>
   </trkpt>
   <trkpt lat="46.18574" lon="7.62375">
    <ele>2398.0</ele>
   </trkpt>
   <trkpt lat="46.185700000000004" lon="7.62396">
    <ele>2398.8</ele>
   </trkpt>
   <trkpt lat="46.18553000000001" lon="7.624160000000001">
    <ele>2398.7200000000003</ele>
   </trkpt>
   <trkpt lat="46.18544000000001" lon="7.624210000000001">
    <ele>2398.57</ele>
   </trkpt>
   <trkpt lat="46.18538" lon="7.624280000000001">
    <ele>2398.54</ele>
   </trkpt>
   <trkpt lat="46.18531" lon="7.624320000000001">
    <ele>2398.51</ele>
   </trkpt>
   <trkpt lat="46.18527" lon="7.62438">
    <ele>2398.4500000000003</ele>
   </trkpt>
   <trkpt lat="46.185190000000006" lon="7.62445">
    <ele>2398.4500000000003</ele>
   </trkpt>
   <trkpt lat="46.184960000000004" lon="7.624550000000001">
    <ele>2397.7700000000004</ele>
   </trkpt>
   <trkpt lat="46.184830000000005" lon="7.6245400000000005">
    <ele>2397.55</ele>
   </trkpt>
   <trkpt lat="46.18464" lon="7.624750000000001">
    <ele>2396.29</ele>
   </trkpt>
   <trkpt lat="46.18451" lon="7.62478">
    <ele>2395.96</ele>
   </trkpt>
   <trkpt lat="46.184430000000006" lon="7.624890000000001">
    <ele>2395.96</ele>
   </trkpt>
   <trkpt lat="46.18422" lon="7.625070000000001">
    <ele>2395.47</ele>
   </trkpt>
   <trkpt lat="46.18404" lon="7.625280000000001">
    <ele>2394.67</ele>
   </trkpt>
   <trkpt lat="46.18397" lon="7.6253">
    <ele>2394.5600000000004</ele>
   </trkpt>
   <trkpt lat="46.18392" lon="7.625350000000001">
    <ele>2394.5000000000005</ele>
   </trkpt>
   <trkpt lat="46.18366" lon="7.62537">
    <ele>2394.3100000000004</ele>
   </trkpt>
   <trkpt lat="46.183310000000006" lon="7.62558">
    <ele>2393.01</ele>
   </trkpt>
   <trkpt lat="46.183080000000004" lon="7.62591">
    <ele>2392.8</ele>
   </trkpt>
   <trkpt lat="46.182900000000004" lon="7.626130000000001">
    <ele>2392.36</ele>
   </trkpt>
   <trkpt lat="46.18276" lon="7.626410000000001">
    <ele>2391.8</ele>
   </trkpt>
   <trkpt lat="46.18267" lon="7.626790000000001">
    <ele>2390.4900000000002</ele>
   </trkpt>
   <trkpt lat="46.182520000000004" lon="7.627090000000001">
    <ele>2390.2400000000002</ele>
   </trkpt>
   <trkpt lat="46.18222" lon="7.62743">
    <ele>2389.57</ele>
   </trkpt>
   <trkpt lat="46.182100000000005" lon="7.6275200000000005">
    <ele>2389.32</ele>
   </trkpt>
   <trkpt lat="46.18187" lon="7.628080000000001">
    <ele>2387.08</ele>
   </trkpt>
   <trkpt lat="46.18184" lon="7.6283">
    <ele>2386.26</ele>
   </trkpt>
   <trkpt lat="46.181900000000006" lon="7.628900000000001">
    <ele>2384.15</ele>
   </trkpt>
   <trkpt lat="46.18173" lon="7.62952">
    <ele>2381.26</ele>
   </trkpt>
   <trkpt lat="46.18146" lon="7.630020000000001">
    <ele>2378.8</ele>
   </trkpt>
   <trkpt lat="46.181400000000004" lon="7.63055">
    <ele>2377.8</ele>
   </trkpt>
   <trkpt lat="46.180870000000006" lon="7.631480000000001">
    <ele>2373.57</ele>
   </trkpt>
   <trkpt lat="46.180730000000004" lon="7.631900000000001">
    <ele>2371.9400000000005</ele>
   </trkpt>
   <trkpt lat="46.18066" lon="7.632230000000001">
    <ele>2370.4900000000002</ele>
   </trkpt>
   <trkpt lat="46.180600000000005" lon="7.632420000000001">
    <ele>2370.4900000000002</ele>
   </trkpt>
   <trkpt lat="46.18063" lon="7.632750000000001">
    <ele>2369.25</ele>
   </trkpt>
   <trkpt lat="46.18059" lon="7.63285">
    <ele>2368.3300000000004</ele>
   </trkpt>
   <trkpt lat="46.180620000000005" lon="7.632960000000001">
    <ele>2368.3300000000004</ele>
   </trkpt>
   <trkpt lat="46.18047000000001" lon="7.63325">
    <ele>2367.9300000000003</ele>
   </trkpt>
   <trkpt lat="46.180490000000006" lon="7.633430000000001">
    <ele>2367.5800000000004</ele>
   </trkpt>
   <trkpt lat="46.180530000000005" lon="7.63353">
    <ele>2367.08</ele>
   </trkpt>
   <trkpt lat="46.180490000000006" lon="7.63365">
    <ele>2366.4</ele>
   </trkpt>
   <trkpt lat="46.180420000000005" lon="7.63435">
    <ele>2363.3100000000004</ele>
   </trkpt>
   <trkpt lat="46.18047000000001" lon="7.634550000000001">
    <ele>2362.5800000000004</ele>
   </trkpt>
   <trkpt lat="46.180460000000004" lon="7.63473">
    <ele>2361.25</ele>
   </trkpt>
   <trkpt lat="46.180490000000006" lon="7.6349800000000005">
    <ele>2358.1600000000003</ele>
   </trkpt>
   <trkpt lat="46.180580000000006" lon="7.63543">
    <ele>2354.55</ele>
   </trkpt>
   <trkpt lat="46.18059" lon="7.635540000000001">
    <ele>2353.76</ele>
   </trkpt>
   <trkpt lat="46.18056000000001" lon="7.6355900000000005">
    <ele>2353.76</ele>
   </trkpt>
   <trkpt lat="46.18027000000001" lon="7.63583">
    <ele>2352.1200000000003</ele>
   </trkpt>
   <trkpt lat="46.18009000000001" lon="7.635860000000001">
    <ele>2351.7300000000005</ele>
   </trkpt>
   <trkpt lat="46.17963" lon="7.63618">
    <ele>2349.9700000000003</ele>
   </trkpt>
   <trkpt lat="46.179480000000005" lon="7.636330000000001">
    <ele>2349.17</ele>
   </trkpt>
   <trkpt lat="46.17944000000001" lon="7.636330000000001">
    <ele>2349.2000000000003</ele>
   </trkpt>
   <trkpt lat="46.179410000000004" lon="7.63632">
    <ele>2349.2000000000003</ele>
   </trkpt>
   <trkpt lat="46.17936" lon="7.636240000000001">
    <ele>2349.39</ele>
   </trkpt>
   <trkpt lat="46.179300000000005" lon="7.63618">
    <ele>2349.5600000000004</ele>
   </trkpt>
   <trkpt lat="46.179140000000004" lon="7.63616">
    <ele>2349.4</ele>
   </trkpt>
   <trkpt lat="46.17907" lon="7.6362000000000005">
    <ele>2348.77</ele>
   </trkpt>
   <trkpt lat="46.178920000000005" lon="7.63616">
    <ele>2347.9700000000003</ele>
   </trkpt>
   <trkpt lat="46.178830000000005" lon="7.63611">
    <ele>2346.1800000000003</ele>
   </trkpt>
   <trkpt lat="46.17873" lon="7.6361300000000005">
    <ele>2345.8</ele>
   </trkpt>
   <trkpt lat="46.17853" lon="7.636470000000001">
    <ele>2342.13</ele>
   </trkpt>
   <trkpt lat="46.17842" lon="7.636520000000001">
    <ele>2336.9600000000005</ele>
   </trkpt>
   <trkpt lat="46.17830000000001" lon="7.636660000000001">
    <ele>2336.1200000000003</ele>
   </trkpt>
   <trkpt lat="46.178270000000005" lon="7.63677">
    <ele>2334.61</ele>
   </trkpt>
   <trkpt lat="46.17817" lon="7.63693">
    <ele>2331.46</ele>
   </trkpt>
   <trkpt lat="46.178110000000004" lon="7.63698">
    <ele>2331.46</ele>
   </trkpt>
   <trkpt lat="46.178090000000005" lon="7.63698">
    <ele>2331.4</ele>
   </trkpt>
   <trkpt lat="46.17804" lon="7.63693">
    <ele>2331.4</ele>
   </trkpt>
   <trkpt lat="46.17797" lon="7.636920000000001">
    <ele>2331.5</ele>
   </trkpt>
   <trkpt lat="46.17794000000001" lon="7.636900000000001">
    <ele>2331.5</ele>
   </trkpt>
   <trkpt lat="46.177870000000006" lon="7.6367400000000005">
    <ele>2332.03</ele>
   </trkpt>
   <trkpt lat="46.177730000000004" lon="7.636590000000001">
    <ele>2332.1500000000005</ele>
   </trkpt>
   <trkpt lat="46.177620000000005" lon="7.636270000000001">
    <ele>2333.03</ele>
   </trkpt>
   <trkpt lat="46.177260000000004" lon="7.63581">
    <ele>2332.4900000000002</ele>
   </trkpt>
   <trkpt lat="46.17707" lon="7.635750000000001">
    <ele>2332.79</ele>
   </trkpt>
   <trkpt lat="46.176660000000005" lon="7.635840000000001">
    <ele>2332.57</ele>
   </trkpt>
   <trkpt lat="46.176300000000005" lon="7.635660000000001">
    <ele>2330.1000000000004</ele>
   </trkpt>
   <trkpt lat="46.175790000000006" lon="7.63489">
    <ele>2325.7700000000004</ele>
   </trkpt>
   <trkpt lat="46.175430000000006" lon="7.634080000000001">
    <ele>2319.96</ele>
   </trkpt>
   <trkpt lat="46.175230000000006" lon="7.633540000000001">
    <ele>2316.2700000000004</ele>
   </trkpt>
   <trkpt lat="46.175070000000005" lon="7.632950000000001">
    <ele>2311.59</ele>
   </trkpt>
   <trkpt lat="46.17465000000001" lon="7.631940000000001">
    <ele>2301.26</ele>
   </trkpt>
   <trkpt lat="46.174290000000006" lon="7.6314400000000004">
    <ele>2297.9100000000003</ele>
   </trkpt>
   <trkpt lat="46.173950000000005" lon="7.630350000000001">
    <ele>2291.4800000000005</ele>
   </trkpt>
   <trkpt lat="46.17356" lon="7.629390000000001">
    <ele>2281.0800000000004</ele>
   </trkpt>
   <trkpt lat="46.17351" lon="7.62931">
    <ele>2280.1</ele>
   </trkpt>
   <trkpt lat="46.17347" lon="7.629060000000001">
    <ele>2279.0600000000004</ele>
   </trkpt>
   <trkpt lat="46.17349" lon="7.628890000000001">
    <ele>2278.23</ele>
   </trkpt>
   <trkpt lat="46.17347" lon="7.628660000000001">
    <ele>2277.46</ele>
   </trkpt>
   <trkpt lat="46.17353000000001" lon="7.628310000000001">
    <ele>2275.1200000000003</ele>
   </trkpt>
   <trkpt lat="46.173590000000004" lon="7.6272">
    <ele>2269.9100000000003</ele>
   </trkpt>
   <trkpt lat="46.173570000000005" lon="7.627110000000001">
    <ele>2268.73</ele>
   </trkpt>
   <trkpt lat="46.173480000000005" lon="7.626990000000001">
    <ele>2267.38</ele>
   </trkpt>
   <trkpt lat="46.17336" lon="7.62668">
    <ele>2264.71</ele>
   </trkpt>
   <trkpt lat="46.17329" lon="7.626650000000001">
    <ele>2264.27</ele>
   </trkpt>
   <trkpt lat="46.172920000000005" lon="7.62675">
    <ele>2260.01</ele>
   </trkpt>
   <trkpt lat="46.172740000000005" lon="7.626640000000001">
    <ele>2255.9900000000002</ele>
   </trkpt>
   <trkpt lat="46.17268000000001" lon="7.6266300000000005">
    <ele>2255.9900000000002</ele>
   </trkpt>
   <trkpt lat="46.172450000000005" lon="7.626500000000001">
    <ele>2253.13</ele>
   </trkpt>
   <trkpt lat="46.172230000000006" lon="7.626450000000001">
    <ele>2250.61</ele>
   </trkpt>
   <trkpt lat="46.172090000000004" lon="7.6263700000000005">
    <ele>2249.94</ele>
   </trkpt>
   <trkpt lat="46.17201000000001" lon="7.6262300000000005">
    <ele>2246.2500000000005</ele>
   </trkpt>
   <trkpt lat="46.17199" lon="7.6262300000000005">
    <ele>2246.2500000000005</ele>
   </trkpt>
   <trkpt lat="46.17201000000001" lon="7.6262300000000005">
    <ele>2246.42</ele>
   </trkpt>
   <trkpt lat="46.17197" lon="7.6262300000000005">
    <ele>2245.73</ele>
   </trkpt>
   <trkpt lat="46.17175" lon="7.626310000000001">
    <ele>2241.73</ele>
   </trkpt>
   <trkpt lat="46.17165000000001" lon="7.626390000000001">
    <ele>2239.84</ele>
   </trkpt>
   <trkpt lat="46.171600000000005" lon="7.626580000000001">
    <ele>2238.51</ele>
   </trkpt>
   <trkpt lat="46.17141" lon="7.62668">
    <ele>2237.33</ele>
   </trkpt>
   <trkpt lat="46.171260000000004" lon="7.62682">
    <ele>2235.51</ele>
   </trkpt>
   <trkpt lat="46.170590000000004" lon="7.627280000000001">
    <ele>2229.69</ele>
   </trkpt>
   <trkpt lat="46.17025" lon="7.627350000000001">
    <ele>2227.8</ele>
   </trkpt>
   <trkpt lat="46.17005" lon="7.62743">
    <ele>2225.73</ele>
   </trkpt>
   <trkpt lat="46.16996" lon="7.627530000000001">
    <ele>2224.5099999999998</ele>
   </trkpt>
   <trkpt lat="46.16991" lon="7.62755">
    <ele>2224.5099999999998</ele>
   </trkpt>
   <trkpt lat="46.1698" lon="7.627560000000001">
    <ele>2223.1500000000005</ele>
   </trkpt>
   <trkpt lat="46.16949" lon="7.627490000000001">
    <ele>2221.36</ele>
   </trkpt>
   <trkpt lat="46.16912000000001" lon="7.627600000000001">
    <ele>2217.83</ele>
   </trkpt>
   <trkpt lat="46.16908" lon="7.627650000000001">
    <ele>2215.4200000000005</ele>
   </trkpt>
   <trkpt lat="46.16895" lon="7.6276600000000006">
    <ele>2215.4200000000005</ele>
   </trkpt>
   <trkpt lat="46.16883000000001" lon="7.627840000000001">
    <ele>2212.54</ele>
   </trkpt>
   <trkpt lat="46.16874000000001" lon="7.627930000000001">
    <ele>2211.8700000000003</ele>
   </trkpt>
   <trkpt lat="46.16843" lon="7.6279200000000005">
    <ele>2210.83</ele>
   </trkpt>
   <trkpt lat="46.16841" lon="7.62795">
    <ele>2210.76</ele>
   </trkpt>
   <trkpt lat="46.168310000000005" lon="7.627890000000001">
    <ele>2210.8100000000004</ele>
   </trkpt>
   <trkpt lat="46.16809000000001" lon="7.6278500000000005">
    <ele>2210.7400000000002</ele>
   </trkpt>
   <trkpt lat="46.16801" lon="7.627790000000001">
    <ele>2210.76</ele>
   </trkpt>
   <trkpt lat="46.167880000000004" lon="7.6277800000000004">
    <ele>2211.02</ele>
   </trkpt>
   <trkpt lat="46.16783" lon="7.627820000000001">
    <ele>2211.0000000000005</ele>
   </trkpt>
   <trkpt lat="46.167570000000005" lon="7.628150000000001">
    <ele>2211.34</ele>
   </trkpt>
   <trkpt lat="46.167190000000005" lon="7.6287">
    <ele>2210.8800000000006</ele>
   </trkpt>
   <trkpt lat="46.16696" lon="7.629080000000001">
    <ele>2210.0600000000004</ele>
   </trkpt>
   <trkpt lat="46.166810000000005" lon="7.629390000000001">
    <ele>2208.1000000000004</ele>
   </trkpt>
   <trkpt lat="46.16667" lon="7.62959">
    <ele>2207.77</ele>
   </trkpt>
   <trkpt lat="46.16662" lon="7.629880000000001">
    <ele>2209.11</ele>
   </trkpt>
   <trkpt lat="46.16664" lon="7.62994">
    <ele>2209.98</ele>
   </trkpt>
   <trkpt lat="46.166630000000005" lon="7.63001">
    <ele>2210.3700000000003</ele>
   </trkpt>
   <trkpt lat="46.16653" lon="7.630120000000001">
    <ele>2210.9100000000003</ele>
   </trkpt>
   <trkpt lat="46.16628" lon="7.630170000000001">
    <ele>2209.98</ele>
   </trkpt>
   <trkpt lat="46.16624" lon="7.630190000000001">
    <ele>2209.98</ele>
   </trkpt>
   <trkpt lat="46.166180000000004" lon="7.6303600000000005">
    <ele>2209.6</ele>
   </trkpt>
   <trkpt lat="46.166090000000004" lon="7.630980000000001">
    <ele>2210.3300000000004</ele>
   </trkpt>
   <trkpt lat="46.166000000000004" lon="7.63123">
    <ele>2211.7500000000005</ele>
   </trkpt>
   <trkpt lat="46.16592000000001" lon="7.6313200000000005">
    <ele>2212.57</ele>
   </trkpt>
   <trkpt lat="46.165850000000006" lon="7.6313">
    <ele>2213.82</ele>
   </trkpt>
   <trkpt lat="46.16573" lon="7.631200000000001">
    <ele>2215.9600000000005</ele>
   </trkpt>
   <trkpt lat="46.16561" lon="7.631">
    <ele>2218.1000000000004</ele>
   </trkpt>
   <trkpt lat="46.165560000000006" lon="7.6309700000000005">
    <ele>2218.4300000000003</ele>
   </trkpt>
   <trkpt lat="46.16548" lon="7.63114">
    <ele>2218.7200000000003</ele>
   </trkpt>
   <trkpt lat="46.16537" lon="7.6313">
    <ele>2217.84</ele>
   </trkpt>
   <trkpt lat="46.16525" lon="7.631780000000001">
    <ele>2213.88</ele>
   </trkpt>
   <trkpt lat="46.165240000000004" lon="7.63196">
    <ele>2211.85</ele>
   </trkpt>
   <trkpt lat="46.165090000000006" lon="7.632480000000001">
    <ele>2209.1000000000004</ele>
   </trkpt>
   <trkpt lat="46.1649" lon="7.632790000000001">
    <ele>2210.21</ele>
   </trkpt>
   <trkpt lat="46.164730000000006" lon="7.633290000000001">
    <ele>2209.4500000000003</ele>
   </trkpt>
   <trkpt lat="46.16471000000001" lon="7.633560000000001">
    <ele>2209.13</ele>
   </trkpt>
   <trkpt lat="46.16480000000001" lon="7.633730000000001">
    <ele>2207.94</ele>
   </trkpt>
   <trkpt lat="46.16483" lon="7.63386">
    <ele>2207.28</ele>
   </trkpt>
   <trkpt lat="46.16480000000001" lon="7.633990000000001">
    <ele>2206.4600000000005</ele>
   </trkpt>
   <trkpt lat="46.164820000000006" lon="7.634240000000001">
    <ele>2204.6400000000003</ele>
   </trkpt>
   <trkpt lat="46.16474" lon="7.634740000000001">
    <ele>2201.82</ele>
   </trkpt>
   <trkpt lat="46.16476" lon="7.634830000000001">
    <ele>2201.82</ele>
   </trkpt>
   <trkpt lat="46.16472" lon="7.6349800000000005">
    <ele>2200.72</ele>
   </trkpt>
   <trkpt lat="46.164620000000006" lon="7.635000000000001">
    <ele>2200.73</ele>
   </trkpt>
   <trkpt lat="46.16456" lon="7.634990000000001">
    <ele>2200.65</ele>
   </trkpt>
   <trkpt lat="46.164570000000005" lon="7.635000000000001">
    <ele>2200.66</ele>
   </trkpt>
   <trkpt lat="46.164370000000005" lon="7.634850000000001">
    <ele>2200.25</ele>
   </trkpt>
   <trkpt lat="46.16423" lon="7.634620000000001">
    <ele>2199.36</ele>
   </trkpt>
   <trkpt lat="46.16371000129534" lon="7.634079994920848">
    <ele>2196.94</ele>
   </trkpt>
   <trkpt lat="46.16319000000001" lon="7.633540000000001">
    <ele>2196.11</ele>
   </trkpt>
   <trkpt lat="46.16299" lon="7.63262">
    <ele>2195.0000000000005</ele>
   </trkpt>
   <trkpt lat="46.162850000000006" lon="7.632090000000001">
    <ele>2194.5</ele>
   </trkpt>
   <trkpt lat="46.16277" lon="7.631950000000001">
    <ele>2194.37</ele>
   </trkpt>
   <trkpt lat="46.162560000000006" lon="7.631810000000001">
    <ele>2193.6600000000003</ele>
   </trkpt>
   <trkpt lat="46.16236000000001" lon="7.63175">
    <ele>2193.2200000000003</ele>
   </trkpt>
   <trkpt lat="46.16227000000001" lon="7.631800000000001">
    <ele>2193.2200000000003</ele>
   </trkpt>
   <trkpt lat="46.162150000000004" lon="7.63191">
    <ele>2192.5000000000005</ele>
   </trkpt>
   <trkpt lat="46.16205" lon="7.631920000000001">
    <ele>2192.42</ele>
   </trkpt>
   <trkpt lat="46.16196" lon="7.631900000000001">
    <ele>2192.4900000000002</ele>
   </trkpt>
   <trkpt lat="46.161770000000004" lon="7.63196">
    <ele>2192.3500000000004</ele>
   </trkpt>
   <trkpt lat="46.16149" lon="7.63198">
    <ele>2191.76</ele>
   </trkpt>
   <trkpt lat="46.161280000000005" lon="7.632110000000001">
    <ele>2190.82</ele>
   </trkpt>
   <trkpt lat="46.16123" lon="7.632110000000001">
    <ele>2190.48</ele>
   </trkpt>
   <trkpt lat="46.16114" lon="7.632070000000001">
    <ele>2190.11</ele>
   </trkpt>
   <trkpt lat="46.16102" lon="7.6321">
    <ele>2188.4300000000003</ele>
   </trkpt>
   <trkpt lat="46.160880000000006" lon="7.632200000000001">
    <ele>2187.59</ele>
   </trkpt>
   <trkpt lat="46.16071" lon="7.63236">
    <ele>2187.34</ele>
   </trkpt>
   <trkpt lat="46.16046" lon="7.6324700000000005">
    <ele>2187.2100000000005</ele>
   </trkpt>
   <trkpt lat="46.16011" lon="7.63245">
    <ele>2186.7400000000002</ele>
   </trkpt>
   <trkpt lat="46.15991" lon="7.6325">
    <ele>2186.36</ele>
   </trkpt>
   <trkpt lat="46.159690000000005" lon="7.632480000000001">
    <ele>2185.65</ele>
   </trkpt>
   <trkpt lat="46.15948" lon="7.632410000000001">
    <ele>2182.9100000000003</ele>
   </trkpt>
   <trkpt lat="46.159240000000004" lon="7.63217">
    <ele>2177.3900000000003</ele>
   </trkpt>
   <trkpt lat="46.158970000000004" lon="7.632000000000001">
    <ele>2173.71</ele>
   </trkpt>
   <trkpt lat="46.15865" lon="7.631900000000001">
    <ele>2167.5400000000004</ele>
   </trkpt>
   <trkpt lat="46.15858" lon="7.63184">
    <ele>2167.5400000000004</ele>
   </trkpt>
   <trkpt lat="46.15851000000001" lon="7.63182">
    <ele>2167.5400000000004</ele>
   </trkpt>
   <trkpt lat="46.158350000000006" lon="7.63182">
    <ele>2164.28</ele>
   </trkpt>
   <trkpt lat="46.15822000000001" lon="7.631760000000001">
    <ele>2163.15</ele>
   </trkpt>
   <trkpt lat="46.15811" lon="7.6317900000000005">
    <ele>2162.88</ele>
   </trkpt>
   <trkpt lat="46.15796" lon="7.6318600000000005">
    <ele>2162.8199999999997</ele>
   </trkpt>
   <trkpt lat="46.15789" lon="7.631830000000001">
    <ele>2162.69</ele>
   </trkpt>
   <trkpt lat="46.157700000000006" lon="7.631900000000001">
    <ele>2162.3</ele>
   </trkpt>
   <trkpt lat="46.157630000000005" lon="7.63189">
    <ele>2161.87</ele>
   </trkpt>
   <trkpt lat="46.15758" lon="7.631900000000001">
    <ele>2161.7200000000003</ele>
   </trkpt>
   <trkpt lat="46.1574" lon="7.632020000000001">
    <ele>2161.75</ele>
   </trkpt>
   <trkpt lat="46.15697" lon="7.632160000000001">
    <ele>2161.61</ele>
   </trkpt>
   <trkpt lat="46.15691" lon="7.632130000000001">
    <ele>2161.61</ele>
   </trkpt>
   <trkpt lat="46.15679" lon="7.632210000000001">
    <ele>2161.88</ele>
   </trkpt>
   <trkpt lat="46.156740000000006" lon="7.632300000000001">
    <ele>2161.9100000000003</ele>
   </trkpt>
   <trkpt lat="46.15666" lon="7.63236">
    <ele>2161.5800000000004</ele>
   </trkpt>
   <trkpt lat="46.15652" lon="7.632390000000001">
    <ele>2160.32</ele>
   </trkpt>
   <trkpt lat="46.15612" lon="7.632560000000001">
    <ele>2157.69</ele>
   </trkpt>
   <trkpt lat="46.15579" lon="7.632600000000001">
    <ele>2157.3700000000003</ele>
   </trkpt>
   <trkpt lat="46.1557" lon="7.63264">
    <ele>2157.1600000000003</ele>
   </trkpt>
   <trkpt lat="46.155170000000005" lon="7.632610000000001">
    <ele>2153.9</ele>
   </trkpt>
   <trkpt lat="46.15498" lon="7.632630000000001">
    <ele>2153.13</ele>
   </trkpt>
   <trkpt lat="46.15489" lon="7.63262">
    <ele>2152.82</ele>
   </trkpt>
   <trkpt lat="46.154540000000004" lon="7.632490000000001">
    <ele>2150.46</ele>
   </trkpt>
   <trkpt lat="46.154120000000006" lon="7.6325">
    <ele>2148.99</ele>
   </trkpt>
   <trkpt lat="46.15402" lon="7.63262">
    <ele>2149.7900000000004</ele>
   </trkpt>
   <trkpt lat="46.15381000000001" lon="7.632650000000001">
    <ele>2150.32</ele>
   </trkpt>
   <trkpt lat="46.153510000000004" lon="7.6329">
    <ele>2154.2799999999997</ele>
   </trkpt>
   <trkpt lat="46.153470000000006" lon="7.632890000000001">
    <ele>2154.6600000000003</ele>
   </trkpt>
   <trkpt lat="46.15325000000001" lon="7.632980000000001">
    <ele>2156.2200000000003</ele>
   </trkpt>
   <trkpt lat="46.15287000000001" lon="7.632860000000001">
    <ele>2158.2799999999997</ele>
   </trkpt>
   <trkpt lat="46.15249" lon="7.632980000000001">
    <ele>2161.6600000000003</ele>
   </trkpt>
   <trkpt lat="46.152300000000004" lon="7.63292">
    <ele>2161.11</ele>
   </trkpt>
   <trkpt lat="46.15222000000001" lon="7.632960000000001">
    <ele>2159.33</ele>
   </trkpt>
   <trkpt lat="46.15202" lon="7.632930000000001">
    <ele>2153.8500000000004</ele>
   </trkpt>
   <trkpt lat="46.15198" lon="7.632910000000001">
    <ele>2153.2200000000003</ele>
   </trkpt>
   <trkpt lat="46.15185" lon="7.632840000000001">
    <ele>2148.78</ele>
   </trkpt>
   <trkpt lat="46.152" lon="7.632650000000001">
    <ele>2140.4300000000003</ele>
   </trkpt>
   <trkpt lat="46.151900000000005" lon="7.63259">
    <ele>2137.3100000000004</ele>
   </trkpt>
   <trkpt lat="46.15173" lon="7.632550000000001">
    <ele>2133.14</ele>
   </trkpt>
   <trkpt lat="46.151900000000005" lon="7.632340000000001">
    <ele>2124.87</ele>
   </trkpt>
   <trkpt lat="46.151920000000004" lon="7.632320000000001">
    <ele>2124.87</ele>
   </trkpt>
   <trkpt lat="46.152" lon="7.63224">
    <ele>2122.65</ele>
   </trkpt>
   <trkpt lat="46.152010000000004" lon="7.632200000000001">
    <ele>2121.4600000000005</ele>
   </trkpt>
   <trkpt lat="46.151590000000006" lon="7.63224">
    <ele>2114.4</ele>
   </trkpt>
   <trkpt lat="46.151450000000004" lon="7.63217">
    <ele>2110.46</ele>
   </trkpt>
   <trkpt lat="46.151250000000005" lon="7.632210000000001">
    <ele>2107.31</ele>
   </trkpt>
   <trkpt lat="46.15108" lon="7.6323300000000005">
    <ele>2106.59</ele>
   </trkpt>
   <trkpt lat="46.15093" lon="7.63238">
    <ele>2106.61</ele>
   </trkpt>
   <trkpt lat="46.150800000000004" lon="7.632370000000001">
    <ele>2106.19</ele>
   </trkpt>
   <trkpt lat="46.1507" lon="7.63245">
    <ele>2104.96</ele>
   </trkpt>
   <trkpt lat="46.150600000000004" lon="7.632480000000001">
    <ele>2104.2599999999998</ele>
   </trkpt>
   <trkpt lat="46.150380000000006" lon="7.6326600000000004">
    <ele>2103.58</ele>
   </trkpt>
   <trkpt lat="46.150310000000005" lon="7.632680000000001">
    <ele>2103.58</ele>
   </trkpt>
   <trkpt lat="46.15019" lon="7.63264">
    <ele>2103.19</ele>
   </trkpt>
   <trkpt lat="46.15001" lon="7.632650000000001">
    <ele>2102.1</ele>
   </trkpt>
   <trkpt lat="46.149730000000005" lon="7.63259">
    <ele>2098.17</ele>
   </trkpt>
   <trkpt lat="46.149300000000004" lon="7.632410000000001">
    <ele>2093.69</ele>
   </trkpt>
   <trkpt lat="46.14914" lon="7.63224">
    <ele>2090.16</ele>
   </trkpt>
   <trkpt lat="46.149060000000006" lon="7.632210000000001">
    <ele>2088.78</ele>
   </trkpt>
   <trkpt lat="46.148480000000006" lon="7.632490000000001">
    <ele>2079.6</ele>
   </trkpt>
   <trkpt lat="46.14802" lon="7.632410000000001">
    <ele>2072.2500000000005</ele>
   </trkpt>
   <trkpt lat="46.147800000000004" lon="7.632490000000001">
    <ele>2068.07</ele>
   </trkpt>
   <trkpt lat="46.14763000000001" lon="7.63259">
    <ele>2063.76</ele>
   </trkpt>
   <trkpt lat="46.14715" lon="7.6326600000000004">
    <ele>2058.4900000000002</ele>
   </trkpt>
   <trkpt lat="46.14699" lon="7.63271">
    <ele>2055.4100000000003</ele>
   </trkpt>
   <trkpt lat="46.14694" lon="7.632770000000001">
    <ele>2054.91</ele>
   </trkpt>
   <trkpt lat="46.146840000000005" lon="7.633070000000001">
    <ele>2054.19</ele>
   </trkpt>
   <trkpt lat="46.14658000000001" lon="7.633630000000001">
    <ele>2053.41</ele>
   </trkpt>
   <trkpt lat="46.146170000000005" lon="7.63398">
    <ele>2043.5400000000002</ele>
   </trkpt>
   <trkpt lat="46.145790000000005" lon="7.634060000000001">
    <ele>2040.3600000000001</ele>
   </trkpt>
   <trkpt lat="46.14564000000001" lon="7.634">
    <ele>2040.2</ele>
   </trkpt>
   <trkpt lat="46.14533" lon="7.634150000000001">
    <ele>2034.36</ele>
   </trkpt>
   <trkpt lat="46.1452" lon="7.634150000000001">
    <ele>2027.14</ele>
   </trkpt>
   <trkpt lat="46.145160000000004" lon="7.634100000000001">
    <ele>2027.14</ele>
   </trkpt>
   <trkpt lat="46.14511" lon="7.634130000000001">
    <ele>2027.14</ele>
   </trkpt>
   <trkpt lat="46.14509" lon="7.63421">
    <ele>2023.7600000000002</ele>
   </trkpt>
   <trkpt lat="46.145010000000006" lon="7.633990000000001">
    <ele>2018.1500000000003</ele>
   </trkpt>
   <trkpt lat="46.144800000000004" lon="7.633870000000001">
    <ele>2007.15</ele>
   </trkpt>
   <trkpt lat="46.14475" lon="7.633780000000001">
    <ele>2003.19</ele>
   </trkpt>
   <trkpt lat="46.14475" lon="7.63372">
    <ele>2003.19</ele>
   </trkpt>
   <trkpt lat="46.14466" lon="7.633630000000001">
    <ele>1996.91</ele>
   </trkpt>
   <trkpt lat="46.14452000000001" lon="7.6336">
    <ele>1991.9</ele>
   </trkpt>
   <trkpt lat="46.14434000000001" lon="7.63353">
    <ele>1982.7800000000002</ele>
   </trkpt>
   <trkpt lat="46.14426" lon="7.633430000000001">
    <ele>1982.7800000000002</ele>
   </trkpt>
   <trkpt lat="46.144200000000005" lon="7.63339">
    <ele>1980.29</ele>
   </trkpt>
   <trkpt lat="46.14412" lon="7.633400000000001">
    <ele>1978.9900000000002</ele>
   </trkpt>
   <trkpt lat="46.144070000000006" lon="7.633360000000001">
    <ele>1976.19</ele>
   </trkpt>
   <trkpt lat="46.144040000000004" lon="7.6333">
    <ele>1976.19</ele>
   </trkpt>
   <trkpt lat="46.144000000000005" lon="7.63332">
    <ele>1974.68</ele>
   </trkpt>
   <trkpt lat="46.14396000000001" lon="7.633240000000001">
    <ele>1974.68</ele>
   </trkpt>
   <trkpt lat="46.14397" lon="7.6331500000000005">
    <ele>1968.41</ele>
   </trkpt>
   <trkpt lat="46.143860000000004" lon="7.633160000000001">
    <ele>1966.77</ele>
   </trkpt>
   <trkpt lat="46.14388" lon="7.63304">
    <ele>1961.72</ele>
   </trkpt>
   <trkpt lat="46.14381" lon="7.63299">
    <ele>1960.1100000000001</ele>
   </trkpt>
   <trkpt lat="46.14379" lon="7.6329">
    <ele>1957.0800000000002</ele>
   </trkpt>
   <trkpt lat="46.14359" lon="7.632980000000001">
    <ele>1949.42</ele>
   </trkpt>
   <trkpt lat="46.14356" lon="7.633100000000001">
    <ele>1945.3200000000002</ele>
   </trkpt>
   <trkpt lat="46.14354" lon="7.633120000000001">
    <ele>1945.3200000000002</ele>
   </trkpt>
   <trkpt lat="46.14352" lon="7.63311">
    <ele>1945.3200000000002</ele>
   </trkpt>
   <trkpt lat="46.14338" lon="7.632860000000001">
    <ele>1936.29</ele>
   </trkpt>
   <trkpt lat="46.143330000000006" lon="7.632720000000001">
    <ele>1933.38</ele>
   </trkpt>
   <trkpt lat="46.14334" lon="7.63257">
    <ele>1930.6200000000001</ele>
   </trkpt>
   <trkpt lat="46.14338" lon="7.63236">
    <ele>1930.6200000000001</ele>
   </trkpt>
   <trkpt lat="46.143480000000004" lon="7.63208">
    <ele>1920.3100000000002</ele>
   </trkpt>
   <trkpt lat="46.14359" lon="7.6319300000000005">
    <ele>1915.1000000000001</ele>
   </trkpt>
   <trkpt lat="46.143620000000006" lon="7.631800000000001">
    <ele>1915.1000000000001</ele>
   </trkpt>
   <trkpt lat="46.14361" lon="7.631590000000001">
    <ele>1911.43</ele>
   </trkpt>
   <trkpt lat="46.14354" lon="7.631500000000001">
    <ele>1908.3600000000001</ele>
   </trkpt>
   <trkpt lat="46.143440000000005" lon="7.631410000000001">
    <ele>1898.2</ele>
   </trkpt>
   <trkpt lat="46.143330000000006" lon="7.631390000000001">
    <ele>1898.2</ele>
   </trkpt>
   <trkpt lat="46.143190000000004" lon="7.631500000000001">
    <ele>1893.55</ele>
   </trkpt>
   <trkpt lat="46.142970000000005" lon="7.6315100000000005">
    <ele>1887.1200000000001</ele>
   </trkpt>
   <trkpt lat="46.14285" lon="7.631550000000001">
    <ele>1884.72</ele>
   </trkpt>
   <trkpt lat="46.14276" lon="7.631620000000001">
    <ele>1881.5400000000002</ele>
   </trkpt>
   <trkpt lat="46.142700000000005" lon="7.631590000000001">
    <ele>1877.97</ele>
   </trkpt>
   <trkpt lat="46.142680000000006" lon="7.63137">
    <ele>1871.4800000000002</ele>
   </trkpt>
   <trkpt lat="46.142700000000005" lon="7.6310400000000005">
    <ele>1864.98</ele>
   </trkpt>
   <trkpt lat="46.14275000000001" lon="7.63086">
    <ele>1862.17</ele>
   </trkpt>
   <trkpt lat="46.14273" lon="7.6308300000000004">
    <ele>1858.2200000000003</ele>
   </trkpt>
   <trkpt lat="46.142680000000006" lon="7.63081">
    <ele>1858.2200000000003</ele>
   </trkpt>
   <trkpt lat="46.142540000000004" lon="7.630850000000001">
    <ele>1854.1600000000003</ele>
   </trkpt>
   <trkpt lat="46.142410000000005" lon="7.63093">
    <ele>1850.1900000000003</ele>
   </trkpt>
   <trkpt lat="46.14226" lon="7.63109">
    <ele>1845.9500000000003</ele>
   </trkpt>
   <trkpt lat="46.142120000000006" lon="7.631330000000001">
    <ele>1835.39</ele>
   </trkpt>
   <trkpt lat="46.14208000000001" lon="7.63135">
    <ele>1835.39</ele>
   </trkpt>
   <trkpt lat="46.142050000000005" lon="7.6313200000000005">
    <ele>1835.39</ele>
   </trkpt>
   <trkpt lat="46.142050000000005" lon="7.631150000000001">
    <ele>1829.4500000000003</ele>
   </trkpt>
   <trkpt lat="46.141940000000005" lon="7.63062">
    <ele>1815.3700000000001</ele>
   </trkpt>
   <trkpt lat="46.14188" lon="7.630610000000001">
    <ele>1815.3700000000001</ele>
   </trkpt>
   <trkpt lat="46.14182" lon="7.630700000000001">
    <ele>1810.39</ele>
   </trkpt>
   <trkpt lat="46.14179" lon="7.630820000000001">
    <ele>1808.8000000000002</ele>
   </trkpt>
   <trkpt lat="46.14170000000001" lon="7.63095">
    <ele>1803.17</ele>
   </trkpt>
   <trkpt lat="46.141630000000006" lon="7.631190000000001">
    <ele>1799.46</ele>
   </trkpt>
   <trkpt lat="46.14152000000001" lon="7.63137">
    <ele>1797.56</ele>
   </trkpt>
   <trkpt lat="46.14148" lon="7.63135">
    <ele>1796.8600000000001</ele>
   </trkpt>
   <trkpt lat="46.141290000000005" lon="7.631">
    <ele>1787.26</ele>
   </trkpt>
   <trkpt lat="46.14123000000001" lon="7.63079">
    <ele>1782.92</ele>
   </trkpt>
   <trkpt lat="46.14114000000001" lon="7.63062">
    <ele>1779.43</ele>
   </trkpt>
   <trkpt lat="46.14103" lon="7.6305000000000005">
    <ele>1777.7900000000002</ele>
   </trkpt>
   <trkpt lat="46.14092" lon="7.6305000000000005">
    <ele>1776.91</ele>
   </trkpt>
   <trkpt lat="46.14086" lon="7.63041">
    <ele>1776.91</ele>
   </trkpt>
   <trkpt lat="46.140800000000006" lon="7.63039">
    <ele>1772.0200000000002</ele>
   </trkpt>
   <trkpt lat="46.14074" lon="7.630450000000001">
    <ele>1772.0200000000002</ele>
   </trkpt>
   <trkpt lat="46.14065" lon="7.630470000000001">
    <ele>1768.2600000000002</ele>
   </trkpt>
   <trkpt lat="46.140440000000005" lon="7.630330000000001">
    <ele>1762.1200000000001</ele>
   </trkpt>
   <trkpt lat="46.14029" lon="7.630350000000001">
    <ele>1760.4</ele>
   </trkpt>
   <trkpt lat="46.14007" lon="7.6302">
    <ele>1756.8100000000002</ele>
   </trkpt>
   <trkpt lat="46.139900000000004" lon="7.630140000000001">
    <ele>1754.1700000000003</ele>
   </trkpt>
   <trkpt lat="46.13922" lon="7.629970000000001">
    <ele>1745.5500000000002</ele>
   </trkpt>
   <trkpt lat="46.13909" lon="7.6298">
    <ele>1742.9800000000002</ele>
   </trkpt>
   <trkpt lat="46.13902" lon="7.629560000000001">
    <ele>1743.84</ele>
   </trkpt>
   <trkpt lat="46.139" lon="7.62954">
    <ele>1743.84</ele>
   </trkpt>
   <trkpt lat="46.138670000000005" lon="7.629700000000001">
    <ele>1744.72</ele>
   </trkpt>
   <trkpt lat="46.138540000000006" lon="7.6297500000000005">
    <ele>1740.0400000000002</ele>
   </trkpt>
   <trkpt lat="46.13796000000001" lon="7.62952">
    <ele>1728.18</ele>
   </trkpt>
   <trkpt lat="46.137820000000005" lon="7.629480000000001">
    <ele>1723.4600000000003</ele>
   </trkpt>
   <trkpt lat="46.13768" lon="7.629600000000001">
    <ele>1719.2900000000002</ele>
   </trkpt>
   <trkpt lat="46.137640000000005" lon="7.62959">
    <ele>1719.2900000000002</ele>
   </trkpt>
   <trkpt lat="46.137220000000006" lon="7.629200000000001">
    <ele>1707.7700000000002</ele>
   </trkpt>
   <trkpt lat="46.137130000000006" lon="7.62905">
    <ele>1707.7700000000002</ele>
   </trkpt>
   <trkpt lat="46.136970000000005" lon="7.628690000000001">
    <ele>1703.72</ele>
   </trkpt>
   <trkpt lat="46.13729000000001" lon="7.62774">
    <ele>1696.3700000000001</ele>
   </trkpt>
   <trkpt lat="46.13759" lon="7.626950000000001">
    <ele>1692.02</ele>
   </trkpt>
   <trkpt lat="46.137710000000006" lon="7.62675">
    <ele>1690.74</ele>
   </trkpt>
   <trkpt lat="46.1379" lon="7.62661">
    <ele>1687.93</ele>
   </trkpt>
   <trkpt lat="46.138670000000005" lon="7.62619">
    <ele>1682.76</ele>
   </trkpt>
   <trkpt lat="46.13873" lon="7.626100000000001">
    <ele>1682.05</ele>
   </trkpt>
   <trkpt lat="46.1388" lon="7.625850000000001">
    <ele>1681.3000000000002</ele>
   </trkpt>
   <trkpt lat="46.13875" lon="7.625640000000001">
    <ele>1678.83</ele>
   </trkpt>
   <trkpt lat="46.138650000000005" lon="7.625490000000001">
    <ele>1677.73</ele>
   </trkpt>
   <trkpt lat="46.138540000000006" lon="7.625420000000001">
    <ele>1677.7400000000002</ele>
   </trkpt>
   <trkpt lat="46.138510000000004" lon="7.62537">
    <ele>1677.5900000000001</ele>
   </trkpt>
   <trkpt lat="46.13814000000001" lon="7.625190000000001">
    <ele>1673.28</ele>
   </trkpt>
   <trkpt lat="46.13815" lon="7.625090000000001">
    <ele>1673.22</ele>
   </trkpt>
   <trkpt lat="46.137640000000005" lon="7.62532">
    <ele>1672.97</ele>
   </trkpt>
  </trkseg>
 </trk>
</gpx>
